[Licensing::Module] Trying to connect to existing licensing client channel...
Built from '6000.3/staging' branch; Version is '6000.3.10f1 (e35f0c77bd8e) revision 14901004'; Using compiler version '194234433'; Build Type 'Release'
OS: 'Windows 11  (10.0.26200) Professional' Language: 'en' Physical Memory: 14188 MB
[Licensing::IpcConnector] Successfully connected to: "LicenseClient-user" at "2026-09-06T16:07:21.5646275Z"
BatchMode: 1, IsHumanControllingUs: 0, StartBugReporterOnCrash: 0, Is64bit: 1
System  architecture: x64
Process architecture: x64
Date: 2026-09-06T16:07:21Z
[Licensing::Client] Code 10 while verifying Licensing Client signature (process Id: 19152, path: "C:/Program Files/Unity Hub/UnityLicensingClient_V1/Unity.Licensing.Client.exe")
[Licensing::Module] LicensingClient has failed validation; ignoring
[Licensing::Client] Handshaking with LicensingClient:
  Version:                 1.18.3+d7ffd15
  Session Id:              6d3f21e09e434f12acde2e2ad38b07a0
  Correlation Id:          fe403366f82ed7eab7cb0cd09d5b3a1d
  External correlation Id: 4320404451607805666
  Machine Id:              Z+nX2y6ZWSikMPl3VXQ/kTlWk2M=
[Licensing::Module] Successfully connected to LicensingClient on channel: "LicenseClient-user" (connect: 0.00s, validation: 0.01s, handshake: 0.07s)
[Licensing::IpcConnector] Successfully connected to: "LicenseClient-user-notifications" at "2026-09-06T16:07:21.6366503Z"
[Licensing::Module] Licensing Background thread has ended after 0.07s

COMMAND LINE ARGUMENTS:
C:\Program Files\Unity\Hub\Editor\6000.3.10f1\Editor\Unity.exe
-adb2
-batchMode
-noUpm
-name
AssetImportWorker5
-projectPath
D:/Play4/game4
-logFile
Logs/AssetImportWorker5.log
-srvPort
62695
-job-worker-count
7
-background-job-worker-count
8
-gc-helper-count
1
-name
AssetImport
Successfully changed project path to: D:/Play4/game4
D:/Play4/game4
[UnityMemory] Configuration Parameters - Can be set up in boot.config
    "memorysetup-temp-allocator-size-nav-mesh-worker=65536"
    "memorysetup-temp-allocator-size-audio-worker=65536"
    "memorysetup-temp-allocator-size-gfx=262144"
    "memorysetup-allocator-temp-initial-block-size-main=262144"
    "memorysetup-allocator-temp-initial-block-size-worker=262144"
    "memorysetup-temp-allocator-size-background-worker=32768"
    "memorysetup-temp-allocator-size-job-worker=262144"
    "memorysetup-temp-allocator-size-preload-manager=33554432"
    "memorysetup-temp-allocator-size-gi-baking-worker=262144"
    "memorysetup-temp-allocator-size-gi-baking-worker=262144"
    "memorysetup-temp-allocator-size-gi-baking-worker=262144"
    "memorysetup-temp-allocator-size-gi-baking-worker=262144"
    "memorysetup-temp-allocator-size-gi-baking-worker=262144"
    "memorysetup-bucket-allocator-granularity=16"
    "memorysetup-bucket-allocator-bucket-count=8"
    "memorysetup-bucket-allocator-block-size=33554432"
    "memorysetup-bucket-allocator-block-count=8"
    "memorysetup-main-allocator-block-size=16777216"
    "memorysetup-thread-allocator-block-size=16777216"
    "memorysetup-gfx-main-allocator-block-size=16777216"
    "memorysetup-gfx-thread-allocator-block-size=16777216"
    "memorysetup-cache-allocator-block-size=4194304"
    "memorysetup-typetree-allocator-block-size=2097152"
    "memorysetup-profiler-bucket-allocator-granularity=16"
    "memorysetup-profiler-bucket-allocator-bucket-count=8"
    "memorysetup-profiler-bucket-allocator-block-size=33554432"
    "memorysetup-profiler-bucket-allocator-block-count=8"
    "memorysetup-profiler-allocator-block-size=16777216"
    "memorysetup-profiler-editor-allocator-block-size=1048576"
    "memorysetup-temp-allocator-size-main=16777216"
    "memorysetup-job-temp-allocator-block-size=2097152"
    "memorysetup-job-temp-allocator-block-size-background=1048576"
    "memorysetup-job-temp-allocator-reduction-small-platforms=262144"
    "memorysetup-temp-allocator-size-cloud-worker=32768"
Player connection [30024]  Target information:

Player connection [30024]  * "[IP] 10.2.0.2 [Port] 0 [Flags] 2 [Guid] 3739049606 [EditorId] 3739049606 [Version] 1048832 [Id] WindowsEditor(7,TOM) [Debug] 1 [PackageName] WindowsEditor [ProjectName] Editor" 

Player connection [30024]  * "[IP] 10.1.1.211 [Port] 0 [Flags] 2 [Guid] 3739049606 [EditorId] 3739049606 [Version] 1048832 [Id] WindowsEditor(7,TOM) [Debug] 1 [PackageName] WindowsEditor [ProjectName] Editor" 

Player connection [30024] Host joined multi-casting on [225.0.0.222:54997]...
Player connection [30024] Host joined alternative multi-casting on [225.0.0.222:34997]...
JobSystem: Creating JobQueue using job-worker-count value 7
Input System module state changed to: Initialized.
[Physics::Module] Initialized fallback backend.
[Physics::Module] Id: 0xdecafbad
Library Redirect Path: Library/
[Physics::Module] Selected backend.
[Physics::Module] Name: PhysX
[Physics::Module] Id: 0xf2b8ea05
[Physics::Module] SDK Version: 4.1.2
[Physics::Module] Integration Version: 1.0.0
[Physics::Module] Threading Mode: Multi-Threaded
Refreshing native plugins compatible for Editor in 232.46 ms, found 4 plugins.
Preloading 1 native plugins for Editor in 19.14 ms.
Initialize engine version: 6000.3.10f1 (e35f0c77bd8e)
[Subsystems] Discovering subsystems at path C:/Program Files/Unity/Hub/Editor/6000.3.10f1/Editor/Data/Resources/UnitySubsystems
[Subsystems] Discovering subsystems at path D:/Play4/game4/Assets
GfxDevice: creating device client; kGfxThreadingModeNonThreaded
Direct3D:
    Version:  Direct3D 11.0 [level 11.1]
    Renderer: NVIDIA GeForce RTX 3070 Laptop GPU (ID=0x24dd)
    Vendor:   NVIDIA
    VRAM:     8018 MB
    Driver:   32.0.16.1656
Initialize mono
Mono path[0] = 'C:/Program Files/Unity/Hub/Editor/6000.3.10f1/Editor/Data/Managed'
Mono path[1] = 'C:/Program Files/Unity/Hub/Editor/6000.3.10f1/Editor/Data/MonoBleedingEdge/lib/mono/unityjit-win32'
Mono config path = 'C:/Program Files/Unity/Hub/Editor/6000.3.10f1/Editor/Data/MonoBleedingEdge/etc'
Using monoOptions --debugger-agent=transport=dt_socket,embedding=1,server=y,suspend=n,address=127.0.0.1:56392
Begin MonoManager ReloadAssembly
Registering precompiled unity dll's ...
Register platform support module: C:/Program Files/Unity/Hub/Editor/6000.3.10f1/Editor/Data/PlaybackEngines/WindowsStandaloneSupport/UnityEditor.WindowsStandalone.Extensions.dll
[Licensing::Client] Successfully resolved entitlement details
[Licensing::Module] License group:
  Id: 9072442768393-UnityPersXXXX
  Product: Unity Personal
  Type: Assigned
  Expiration: Unlimited
Register platform support module: C:/Program Files/Unity/Hub/Editor/6000.3.10f1/Editor/Data/PlaybackEngines/AndroidPlayer/UnityEditor.Android.Extensions.dll
[Licensing::Client] Successfully resolved entitlement details
Register platform support module: C:/Program Files/Unity/Hub/Editor/6000.3.10f1/Editor/Data/PlaybackEngines/iOSSupport/UnityEditor.iOS.Extensions.dll
Registered in 0.019686 seconds.
- Loaded All Assemblies, in  0.859 seconds
Native extension for iOS target not found
Native extension for Android target not found
Android Extension - Scanning For ADB Devices 391 ms
Native extension for WindowsStandalone target not found
ScheduleIndexationOnStartup MainProcess:False IndexOnStartup:True
Mono: successfully reloaded assembly
- Finished resetting the current domain, in  1.061 seconds
Domain Reload Profiling: 1914ms
	BeginReloadAssembly (261ms)
		ExecutionOrderSort (0ms)
		DisableScriptedObjects (0ms)
		BackupInstance (0ms)
		ReleaseScriptingObjects (0ms)
		CreateAndSetChildDomain (1ms)
	RebuildCommonClasses (73ms)
	RebuildNativeTypeToScriptingClass (19ms)
	initialDomainReloadingComplete (109ms)
	LoadAllAssembliesAndSetupDomain (391ms)
		LoadAssemblies (254ms)
		RebuildTransferFunctionScriptingTraits (0ms)
		AnalyzeDomain (382ms)
			TypeCache.Refresh (378ms)
				TypeCache.ScanAssembly (349ms)
			BuildScriptInfoCaches (0ms)
			ResolveRequiredComponents (1ms)
	FinalizeReload (1062ms)
		ReleaseScriptCaches (0ms)
		RebuildScriptCaches (0ms)
		SetupLoadedEditorAssemblies (983ms)
			LogAssemblyErrors (0ms)
			InitializePlatformSupportModulesInManaged (538ms)
			SetLoadedEditorAssemblies (6ms)
			BeforeProcessingInitializeOnLoad (109ms)
			ProcessInitializeOnLoadAttributes (219ms)
			ProcessInitializeOnLoadMethodAttributes (111ms)
			AfterProcessingInitializeOnLoad (0ms)
			EditorAssembliesLoaded (0ms)
		ExecutionOrderSort2 (0ms)
		AwakeInstancesAfterBackupRestoration (0ms)
========================================================================
Worker process is ready to serve import requests
Import Worker Mode flag is 0x00
Begin MonoManager ReloadAssembly
[Licensing::Client] Successfully resolved entitlement details
- Loaded All Assemblies, in  2.601 seconds
Refreshing native plugins compatible for Editor in 7.66 ms, found 4 plugins.
Native extension for iOS target not found
Native extension for Android target not found
Native extension for WindowsStandalone target not found
[MODES] ModeService[none].Initialize
[MODES] ModeService[none].LoadModes
[MODES] Loading mode Default (0) for mode-current-id-game4
Refreshing native plugins compatible for Editor in 7.78 ms, found 4 plugins.
Package Manager log level set to [2]
[Package Manager] Failed to launch server process. Reason: Unity was launched with the -noUpm command-line argument
[Package Manager] Unable to send message (not connected to server process).
[Package Manager] Cannot connect to Unity Package Manager local server
[Licensing::Client] Error: Code 404 while processing request (status: Found 0 entitlement groups and 0 free entitlements matching requested entitlement ids)
ScheduleIndexationOnStartup MainProcess:False IndexOnStartup:True
Mono: successfully reloaded assembly
- Finished resetting the current domain, in  4.139 seconds
Domain Reload Profiling: 6732ms
	BeginReloadAssembly (300ms)
		ExecutionOrderSort (0ms)
		DisableScriptedObjects (9ms)
		BackupInstance (0ms)
		ReleaseScriptingObjects (0ms)
		CreateAndSetChildDomain (64ms)
	RebuildCommonClasses (64ms)
	RebuildNativeTypeToScriptingClass (16ms)
	initialDomainReloadingComplete (116ms)
	LoadAllAssembliesAndSetupDomain (2097ms)
		LoadAssemblies (1140ms)
		RebuildTransferFunctionScriptingTraits (0ms)
		AnalyzeDomain (1112ms)
			TypeCache.Refresh (883ms)
				TypeCache.ScanAssembly (836ms)
			BuildScriptInfoCaches (202ms)
			ResolveRequiredComponents (16ms)
	FinalizeReload (4140ms)
		ReleaseScriptCaches (0ms)
		RebuildScriptCaches (0ms)
		SetupLoadedEditorAssemblies (3459ms)
			LogAssemblyErrors (0ms)
			InitializePlatformSupportModulesInManaged (272ms)
			SetLoadedEditorAssemblies (8ms)
			BeforeProcessingInitializeOnLoad (316ms)
			ProcessInitializeOnLoadAttributes (2239ms)
			ProcessInitializeOnLoadMethodAttributes (608ms)
			AfterProcessingInitializeOnLoad (14ms)
			EditorAssembliesLoaded (1ms)
		ExecutionOrderSort2 (0ms)
		AwakeInstancesAfterBackupRestoration (13ms)
Launched and connected shader compiler UnityShaderCompiler.exe after 0.03 seconds
Refreshing native plugins compatible for Editor in 2.98 ms, found 4 plugins.
Preloading 1 native plugins for Editor in 0.07 ms.
Unloading 59 Unused Serialized files (Serialized files now loaded: 0)
Unloading 9965 unused Assets / (22.9 MB). Loaded Objects now: 10818.
Memory consumption went from 203.7 MB to 180.8 MB.
Total: 45.919300 ms (FindLiveObjects: 1.689700 ms CreateObjectMapping: 2.240600 ms MarkObjects: 26.318600 ms  DeleteObjects: 15.667700 ms)

========================================================================
Received Import Request.
  Time since last request: 25943.818892 seconds.
  path: Assets/Toon Adventure Island/Prefabs/Props/TAI_Wood_Barrel_Open_01A.prefab
  artifactKey: Guid(658ab985a7c1d49458cf5ccdaf2d1b26) Importer(815301076,1909f56bfc062723c751e8b465ee728b)
Start importing Assets/Toon Adventure Island/Prefabs/Props/TAI_Wood_Barrel_Open_01A.prefab using Guid(658ab985a7c1d49458cf5ccdaf2d1b26) Importer(815301076,1909f56bfc062723c751e8b465ee728b) (PreviewImporter) -> (artifact id: '5e017c45a0fd03821f7b0b71ef74489c') in 5.8372006 seconds
Number of updated asset objects reloaded before import = 0Number of asset objects unloaded after import = 37

========================================================================
Received Import Request.
  Time since last request: 101.443803 seconds.
  path: Assets/Toon Adventure Island/Prefabs/Weapons/TAI_Cannon_02A.prefab
  artifactKey: Guid(a84e9346be6f468489d5227c52bac791) Importer(2089858483,b0f066a214c2f5e87bad3c948f4d605d)
Start importing Assets/Toon Adventure Island/Prefabs/Weapons/TAI_Cannon_02A.prefab using Guid(a84e9346be6f468489d5227c52bac791) Importer(2089858483,b0f066a214c2f5e87bad3c948f4d605d) (ScriptedImporter) -> (artifact id: '53553c921ac14d6b1924c7373626013f') in 0.1308121 seconds
Number of updated asset objects reloaded before import = 0Number of asset objects unloaded after import = 21

========================================================================
Received Import Request.
  Time since last request: 0.000041 seconds.
  path: Assets/Toon Adventure Island/Prefabs/Rocks/TAI_Rock_Large_04A.prefab
  artifactKey: Guid(91a846bbc416ad243bc0e924602b36f0) Importer(2089858483,b0f066a214c2f5e87bad3c948f4d605d)
Start importing Assets/Toon Adventure Island/Prefabs/Rocks/TAI_Rock_Large_04A.prefab using Guid(91a846bbc416ad243bc0e924602b36f0) Importer(2089858483,b0f066a214c2f5e87bad3c948f4d605d) (ScriptedImporter) -> (artifact id: '3477e219dff0c75fbca3261fe87c50e4') in 0.0266329 seconds
Number of updated asset objects reloaded before import = 0Number of asset objects unloaded after import = 28

========================================================================
Received Import Request.
  Time since last request: 0.000045 seconds.
  path: Assets/Toon Adventure Island/Models/TAI_Stone_Block_01A.fbx
  artifactKey: Guid(2c005af6b191fed4690596324c5542c4) Importer(2089858483,b0f066a214c2f5e87bad3c948f4d605d)
Start importing Assets/Toon Adventure Island/Models/TAI_Stone_Block_01A.fbx using Guid(2c005af6b191fed4690596324c5542c4) Importer(2089858483,b0f066a214c2f5e87bad3c948f4d605d) (ScriptedImporter) -> (artifact id: '42512e2379d491f8442fac3dcc451c30') in 0.0617964 seconds
Number of updated asset objects reloaded before import = 0Number of asset objects unloaded after import = 20

========================================================================
Received Import Request.
  Time since last request: 0.000050 seconds.
  path: Assets/Toon Adventure Island/Models/TAI_Raft_01A.fbx
  artifactKey: Guid(aef3e5023b6ce1243a7a45ba70077d22) Importer(2089858483,b0f066a214c2f5e87bad3c948f4d605d)
Start importing Assets/Toon Adventure Island/Models/TAI_Raft_01A.fbx using Guid(aef3e5023b6ce1243a7a45ba70077d22) Importer(2089858483,b0f066a214c2f5e87bad3c948f4d605d) (ScriptedImporter) -> (artifact id: 'a4eea3b80d65c4106a201a189835c9c6') in 0.02777 seconds
Number of updated asset objects reloaded before import = 0Number of asset objects unloaded after import = 20

========================================================================
Received Import Request.
  Time since last request: 0.000035 seconds.
  path: Assets/Toon Adventure Island/Prefabs/Props/TAI_Coconut_03A.prefab
  artifactKey: Guid(a1134e77adc98894cb074379eae6f398) Importer(2089858483,b0f066a214c2f5e87bad3c948f4d605d)
Start importing Assets/Toon Adventure Island/Prefabs/Props/TAI_Coconut_03A.prefab using Guid(a1134e77adc98894cb074379eae6f398) Importer(2089858483,b0f066a214c2f5e87bad3c948f4d605d) (ScriptedImporter) -> (artifact id: '78e2d8c77b76c69dead22ad5b58817e3') in 0.0201274 seconds
Number of updated asset objects reloaded before import = 0Number of asset objects unloaded after import = 16

========================================================================
Received Import Request.
  Time since last request: 0.000035 seconds.
  path: Assets/Toon Adventure Island/Models/TAI_Rock_Large_06B.fbx
  artifactKey: Guid(cb0bd6b0848a32e449e2d91e9b7d0bf0) Importer(2089858483,b0f066a214c2f5e87bad3c948f4d605d)
Start importing Assets/Toon Adventure Island/Models/TAI_Rock_Large_06B.fbx using Guid(cb0bd6b0848a32e449e2d91e9b7d0bf0) Importer(2089858483,b0f066a214c2f5e87bad3c948f4d605d) (ScriptedImporter) -> (artifact id: '1b2a695b1b4e0899b57e7b17a0bba341') in 0.0253996 seconds
Number of updated asset objects reloaded before import = 0Number of asset objects unloaded after import = 30

========================================================================
Received Import Request.
  Time since last request: 0.000051 seconds.
  path: Assets/Toon Adventure Island/Prefabs/Vegetation/Plants/TAI_Plant_01B.prefab
  artifactKey: Guid(75bcc84ef17b231449c0fd302326ccab) Importer(2089858483,b0f066a214c2f5e87bad3c948f4d605d)
Start importing Assets/Toon Adventure Island/Prefabs/Vegetation/Plants/TAI_Plant_01B.prefab using Guid(75bcc84ef17b231449c0fd302326ccab) Importer(2089858483,b0f066a214c2f5e87bad3c948f4d605d) (ScriptedImporter) -> (artifact id: 'f59a24250e62d8dd27271c076c82988f') in 0.0180022 seconds
Number of updated asset objects reloaded before import = 0Number of asset objects unloaded after import = 25

========================================================================
Received Import Request.
  Time since last request: 0.000049 seconds.
  path: Assets/Toon Adventure Island/Models/TAI_Pirate_Gun_01B.fbx
  artifactKey: Guid(a947d432d2da6e24b9a2338eb7c04b15) Importer(2089858483,b0f066a214c2f5e87bad3c948f4d605d)
Start importing Assets/Toon Adventure Island/Models/TAI_Pirate_Gun_01B.fbx using Guid(a947d432d2da6e24b9a2338eb7c04b15) Importer(2089858483,b0f066a214c2f5e87bad3c948f4d605d) (ScriptedImporter) -> (artifact id: '69ed6937b69ebed6a82e2e59a43eb5c5') in 0.0367162 seconds
Number of updated asset objects reloaded before import = 0Number of asset objects unloaded after import = 8

========================================================================
Received Import Request.
  Time since last request: 0.000029 seconds.
  path: Assets/Toon Adventure Island/Prefabs/Rocks/TAI_Rock_Medium_06A.prefab
  artifactKey: Guid(df6cacf692bc1584bbbebd7e8fba7c97) Importer(2089858483,b0f066a214c2f5e87bad3c948f4d605d)
Start importing Assets/Toon Adventure Island/Prefabs/Rocks/TAI_Rock_Medium_06A.prefab using Guid(df6cacf692bc1584bbbebd7e8fba7c97) Importer(2089858483,b0f066a214c2f5e87bad3c948f4d605d) (ScriptedImporter) -> (artifact id: '40e8960a2ab3c06279e3b990ec376515') in 0.0171554 seconds
Number of updated asset objects reloaded before import = 0Number of asset objects unloaded after import = 28

========================================================================
Received Import Request.
  Time since last request: 0.000030 seconds.
  path: Assets/Toon Adventure Island/Models/Materials/TAI_Flowers_1C.mat
  artifactKey: Guid(278eca402d3005b4bb4c46d307bed614) Importer(2089858483,b0f066a214c2f5e87bad3c948f4d605d)
Start importing Assets/Toon Adventure Island/Models/Materials/TAI_Flowers_1C.mat using Guid(278eca402d3005b4bb4c46d307bed614) Importer(2089858483,b0f066a214c2f5e87bad3c948f4d605d) (ScriptedImporter) -> (artifact id: 'b2b8b1aa814ed320915f3747406409b6') in 0.0248148 seconds
Number of updated asset objects reloaded before import = 0Number of asset objects unloaded after import = 2

========================================================================
Received Import Request.
  Time since last request: 0.000051 seconds.
  path: Assets/Toon Adventure Island/Models/TAI_Skeleton_02A.fbx
  artifactKey: Guid(8217b6c1d5fcf9a4b90b9025661615bd) Importer(2089858483,b0f066a214c2f5e87bad3c948f4d605d)
Start importing Assets/Toon Adventure Island/Models/TAI_Skeleton_02A.fbx using Guid(8217b6c1d5fcf9a4b90b9025661615bd) Importer(2089858483,b0f066a214c2f5e87bad3c948f4d605d) (ScriptedImporter) -> (artifact id: '933b418e0dd0656e0f39297ee63610da') in 0.0288548 seconds
Number of updated asset objects reloaded before import = 0Number of asset objects unloaded after import = 15

========================================================================
Received Import Request.
  Time since last request: 0.000077 seconds.
  path: Assets/Toon Adventure Island/Models/TAI_Bone_Pile_04A.fbx
  artifactKey: Guid(b2e5de734f32a344fb4bcd0b69e452fa) Importer(2089858483,b0f066a214c2f5e87bad3c948f4d605d)
Start importing Assets/Toon Adventure Island/Models/TAI_Bone_Pile_04A.fbx using Guid(b2e5de734f32a344fb4bcd0b69e452fa) Importer(2089858483,b0f066a214c2f5e87bad3c948f4d605d) (ScriptedImporter) -> (artifact id: '98a49d5ee41936e6185477833da04748') in 0.0215073 seconds
Number of updated asset objects reloaded before import = 0Number of asset objects unloaded after import = 15

========================================================================
Received Import Request.
  Time since last request: 0.000034 seconds.
  path: Assets/Toon Adventure Island/Prefabs/Props/TAI_Wood_Barrel_01A.prefab
  artifactKey: Guid(f80a594b6fbcfdf48ac6c09a10a4059d) Importer(2089858483,b0f066a214c2f5e87bad3c948f4d605d)
Start importing Assets/Toon Adventure Island/Prefabs/Props/TAI_Wood_Barrel_01A.prefab using Guid(f80a594b6fbcfdf48ac6c09a10a4059d) Importer(2089858483,b0f066a214c2f5e87bad3c948f4d605d) (ScriptedImporter) -> (artifact id: '983071edb3e7ad6aa3e9092537976d54') in 0.0163869 seconds
Number of updated asset objects reloaded before import = 0Number of asset objects unloaded after import = 33

========================================================================
Received Import Request.
  Time since last request: 0.000066 seconds.
  path: Assets/Toon Adventure Island/Terrain/Layer_TAI_Terrain_Grass_1A.terrainlayer
  artifactKey: Guid(05a5642c88fb4d74cb05f4d2bc2da410) Importer(2089858483,b0f066a214c2f5e87bad3c948f4d605d)
Start importing Assets/Toon Adventure Island/Terrain/Layer_TAI_Terrain_Grass_1A.terrainlayer using Guid(05a5642c88fb4d74cb05f4d2bc2da410) Importer(2089858483,b0f066a214c2f5e87bad3c948f4d605d) (ScriptedImporter) -> (artifact id: '62ff21e1c12f7aec5014113e2f4d77ad') in 0.0423097 seconds
Number of updated asset objects reloaded before import = 0Number of asset objects unloaded after import = 3

========================================================================
Received Import Request.
  Time since last request: 0.000043 seconds.
  path: Assets/Toon Adventure Island/Prefabs/Vegetation/Plants/TAI_Vine_07A.prefab
  artifactKey: Guid(4c7061ebebc02044f98d01506cfa34c0) Importer(2089858483,b0f066a214c2f5e87bad3c948f4d605d)
Start importing Assets/Toon Adventure Island/Prefabs/Vegetation/Plants/TAI_Vine_07A.prefab using Guid(4c7061ebebc02044f98d01506cfa34c0) Importer(2089858483,b0f066a214c2f5e87bad3c948f4d605d) (ScriptedImporter) -> (artifact id: '2d26da4682df64e345bb0c9ba5295f97') in 0.0207283 seconds
Number of updated asset objects reloaded before import = 0Number of asset objects unloaded after import = 25

========================================================================
Received Import Request.
  Time since last request: 0.000067 seconds.
  path: Assets/Toon Adventure Island/Models/TAI_Boat_03A_Module_2.fbx
  artifactKey: Guid(59b442154222c984c91ecc9e25cd9662) Importer(2089858483,b0f066a214c2f5e87bad3c948f4d605d)
Start importing Assets/Toon Adventure Island/Models/TAI_Boat_03A_Module_2.fbx using Guid(59b442154222c984c91ecc9e25cd9662) Importer(2089858483,b0f066a214c2f5e87bad3c948f4d605d) (ScriptedImporter) -> (artifact id: 'de5b67f6e2d8cdd1e6a25d8a31703a5d') in 0.0254952 seconds
Number of updated asset objects reloaded before import = 0Number of asset objects unloaded after import = 25

========================================================================
Received Import Request.
  Time since last request: 0.000037 seconds.
  path: Assets/Toon Adventure Island/Prefabs/Vegetation/Plants/TAI_Plant_01A.prefab
  artifactKey: Guid(c97f90c1a6d43a34f86de92bf0b6bfc2) Importer(2089858483,b0f066a214c2f5e87bad3c948f4d605d)
Start importing Assets/Toon Adventure Island/Prefabs/Vegetation/Plants/TAI_Plant_01A.prefab using Guid(c97f90c1a6d43a34f86de92bf0b6bfc2) Importer(2089858483,b0f066a214c2f5e87bad3c948f4d605d) (ScriptedImporter) -> (artifact id: '67697010ed53b550013057240eb4c4b2') in 0.0177525 seconds
Number of updated asset objects reloaded before import = 0Number of asset objects unloaded after import = 25

========================================================================
Received Import Request.
  Time since last request: 0.000051 seconds.
  path: Assets/Toon Adventure Island/Models/TAI_Palm_Trunk_03A.fbx
  artifactKey: Guid(51fe93e942128e34bbc015fb8499ecd7) Importer(2089858483,b0f066a214c2f5e87bad3c948f4d605d)
Start importing Assets/Toon Adventure Island/Models/TAI_Palm_Trunk_03A.fbx using Guid(51fe93e942128e34bbc015fb8499ecd7) Importer(2089858483,b0f066a214c2f5e87bad3c948f4d605d) (ScriptedImporter) -> (artifact id: '85b6b72bf15a6c59f3adf977df9cac18') in 0.021441 seconds
Number of updated asset objects reloaded before import = 0Number of asset objects unloaded after import = 20

========================================================================
Received Import Request.
  Time since last request: 0.000027 seconds.
  path: Assets/Toon Adventure Island/Prefabs/Treasure/TAI_Lock_01A.prefab
  artifactKey: Guid(d623c372fdf141b4aa473cf926d4e7d2) Importer(2089858483,b0f066a214c2f5e87bad3c948f4d605d)
Start importing Assets/Toon Adventure Island/Prefabs/Treasure/TAI_Lock_01A.prefab using Guid(d623c372fdf141b4aa473cf926d4e7d2) Importer(2089858483,b0f066a214c2f5e87bad3c948f4d605d) (ScriptedImporter) -> (artifact id: '86fad303a7383060245411f31baca69c') in 0.0239398 seconds
Number of updated asset objects reloaded before import = 0Number of asset objects unloaded after import = 21

========================================================================
Received Import Request.
  Time since last request: 0.000048 seconds.
  path: Assets/Toon Adventure Island/Models/TAI_Underwater_Rock_Medium_01A.fbx
  artifactKey: Guid(5e57bac64c66a954db1160f5c9f841bb) Importer(2089858483,b0f066a214c2f5e87bad3c948f4d605d)
Start importing Assets/Toon Adventure Island/Models/TAI_Underwater_Rock_Medium_01A.fbx using Guid(5e57bac64c66a954db1160f5c9f841bb) Importer(2089858483,b0f066a214c2f5e87bad3c948f4d605d) (ScriptedImporter) -> (artifact id: '37c9d10830922814124422e1814d3b77') in 0.0256662 seconds
Number of updated asset objects reloaded before import = 0Number of asset objects unloaded after import = 20

========================================================================
Received Import Request.
  Time since last request: 0.000028 seconds.
  path: Assets/Toon Adventure Island/Skybox/TAI_Skybox_01A/py.png
  artifactKey: Guid(fc753d54cdc711248a0d07a9f31bb1f0) Importer(2089858483,b0f066a214c2f5e87bad3c948f4d605d)
Start importing Assets/Toon Adventure Island/Skybox/TAI_Skybox_01A/py.png using Guid(fc753d54cdc711248a0d07a9f31bb1f0) Importer(2089858483,b0f066a214c2f5e87bad3c948f4d605d) (ScriptedImporter)[Licensing::Client] Successfully resolved entitlement details
[Licensing::Client] Successfully resolved entitlement details
 -> (artifact id: 'f7fae0e0175b43ccfc83f62e8be2af29') in 0.080151 seconds
Number of updated asset objects reloaded before import = 0Number of asset objects unloaded after import = 1

========================================================================
Received Import Request.
  Time since last request: 0.000068 seconds.
  path: Assets/Toon Adventure Island/Models/TAI_Metal_Cage_01A.fbx
  artifactKey: Guid(a61e4c8a5ea74694c935b9265e14b396) Importer(2089858483,b0f066a214c2f5e87bad3c948f4d605d)
Start importing Assets/Toon Adventure Island/Models/TAI_Metal_Cage_01A.fbx using Guid(a61e4c8a5ea74694c935b9265e14b396) Importer(2089858483,b0f066a214c2f5e87bad3c948f4d605d) (ScriptedImporter) -> (artifact id: '6fa91c9505c50fd4fbc57ddc5dacabbd') in 0.0529028 seconds
Number of updated asset objects reloaded before import = 0Number of asset objects unloaded after import = 103

========================================================================
Received Import Request.
  Time since last request: 0.000048 seconds.
  path: Assets/Toon Adventure Island/Prefabs/Props/TAI_Skull_01A.prefab
  artifactKey: Guid(0184616db8e9c0247bd560a873fd458a) Importer(2089858483,b0f066a214c2f5e87bad3c948f4d605d)
Start importing Assets/Toon Adventure Island/Prefabs/Props/TAI_Skull_01A.prefab using Guid(0184616db8e9c0247bd560a873fd458a) Importer(2089858483,b0f066a214c2f5e87bad3c948f4d605d) (ScriptedImporter) -> (artifact id: 'ffaab5e1316c4c869ac104269fb19356') in 0.0193961 seconds
Number of updated asset objects reloaded before import = 0Number of asset objects unloaded after import = 16

========================================================================
Received Import Request.
  Time since last request: 0.000043 seconds.
  path: Assets/Toon Adventure Island/Textures/TAI_Flowers_Patch_01C.tga
  artifactKey: Guid(46a7c2cbb5b74d94c93cae573e63a2e4) Importer(2089858483,b0f066a214c2f5e87bad3c948f4d605d)
Start importing Assets/Toon Adventure Island/Textures/TAI_Flowers_Patch_01C.tga using Guid(46a7c2cbb5b74d94c93cae573e63a2e4) Importer(2089858483,b0f066a214c2f5e87bad3c948f4d605d) (ScriptedImporter) -> (artifact id: '777b16f5d5c0e55dd3b57bf11b83133b') in 0.0191727 seconds
Number of updated asset objects reloaded before import = 0Number of asset objects unloaded after import = 1

========================================================================
Received Import Request.
  Time since last request: 0.000034 seconds.
  path: Assets/Toon Adventure Island/Models/TAI_Plant_03A_Broken.fbx
  artifactKey: Guid(0f2d83bb8cfff16479118c239cb5b363) Importer(2089858483,b0f066a214c2f5e87bad3c948f4d605d)
Start importing Assets/Toon Adventure Island/Models/TAI_Plant_03A_Broken.fbx using Guid(0f2d83bb8cfff16479118c239cb5b363) Importer(2089858483,b0f066a214c2f5e87bad3c948f4d605d) (ScriptedImporter) -> (artifact id: 'af80d7ab1bb9c45e4b01c9624ad71cb7') in 0.0266529 seconds
Number of updated asset objects reloaded before import = 0Number of asset objects unloaded after import = 25

========================================================================
Received Import Request.
  Time since last request: 0.000042 seconds.
  path: Assets/Toon Adventure Island/Prefabs/Props/TAI_Bed_01A.prefab
  artifactKey: Guid(d4228b9781dbf1a45973fa9d554cda73) Importer(2089858483,b0f066a214c2f5e87bad3c948f4d605d)
Start importing Assets/Toon Adventure Island/Prefabs/Props/TAI_Bed_01A.prefab using Guid(d4228b9781dbf1a45973fa9d554cda73) Importer(2089858483,b0f066a214c2f5e87bad3c948f4d605d) (ScriptedImporter) -> (artifact id: '2a570520e676338aeebad635a2038121') in 0.0206445 seconds
Number of updated asset objects reloaded before import = 0Number of asset objects unloaded after import = 16

========================================================================
Received Import Request.
  Time since last request: 0.000105 seconds.
  path: Assets/Toon Adventure Island/Models/TAI_Spear_01A.fbx
  artifactKey: Guid(429311e21f5787c41bac7901542fc552) Importer(2089858483,b0f066a214c2f5e87bad3c948f4d605d)
Start importing Assets/Toon Adventure Island/Models/TAI_Spear_01A.fbx using Guid(429311e21f5787c41bac7901542fc552) Importer(2089858483,b0f066a214c2f5e87bad3c948f4d605d) (ScriptedImporter) -> (artifact id: '250eb2714f6569df44b61e693b2dff29') in 0.0214805 seconds
Number of updated asset objects reloaded before import = 0Number of asset objects unloaded after import = 15

========================================================================
Received Import Request.
  Time since last request: 0.000048 seconds.
  path: Assets/Toon Adventure Island/Models/TAI_Pirate_Gun_01A.fbx
  artifactKey: Guid(9df57f1d1b1b0c147bab82ea719034da) Importer(2089858483,b0f066a214c2f5e87bad3c948f4d605d)
Start importing Assets/Toon Adventure Island/Models/TAI_Pirate_Gun_01A.fbx using Guid(9df57f1d1b1b0c147bab82ea719034da) Importer(2089858483,b0f066a214c2f5e87bad3c948f4d605d) (ScriptedImporter) -> (artifact id: '6755a883cc4c54b73c3e0ed12d7877f9') in 0.0232762 seconds
Number of updated asset objects reloaded before import = 0Number of asset objects unloaded after import = 8

========================================================================
Received Import Request.
  Time since last request: 0.000039 seconds.
  path: Assets/Toon Adventure Island/Prefabs/Props/TAI_Wood_Bucket_01B.prefab
  artifactKey: Guid(061571420b8a53844be8bf9d98e375c9) Importer(2089858483,b0f066a214c2f5e87bad3c948f4d605d)
Start importing Assets/Toon Adventure Island/Prefabs/Props/TAI_Wood_Bucket_01B.prefab using Guid(061571420b8a53844be8bf9d98e375c9) Importer(2089858483,b0f066a214c2f5e87bad3c948f4d605d) (ScriptedImporter) -> (artifact id: '7fd4f7cef693f74adddefc26449f4329') in 0.0171951 seconds
Number of updated asset objects reloaded before import = 0Number of asset objects unloaded after import = 38

========================================================================
Received Import Request.
  Time since last request: 0.000045 seconds.
  path: Assets/Toon Adventure Island/Models/TAI_Palm_Tree_01B.fbx
  artifactKey: Guid(7451abcdb5ca19b4cb2cf15306d476b2) Importer(2089858483,b0f066a214c2f5e87bad3c948f4d605d)
Start importing Assets/Toon Adventure Island/Models/TAI_Palm_Tree_01B.fbx using Guid(7451abcdb5ca19b4cb2cf15306d476b2) Importer(2089858483,b0f066a214c2f5e87bad3c948f4d605d) (ScriptedImporter) -> (artifact id: 'fbc839424bf5cd81e16561397205bfcf') in 0.0381562 seconds
Number of updated asset objects reloaded before import = 0Number of asset objects unloaded after import = 30

========================================================================
Received Import Request.
  Time since last request: 0.000046 seconds.
  path: Assets/Toon Adventure Island/Prefabs/Vegetation/Plants/TAI_Plant_19A.prefab
  artifactKey: Guid(82b933ebc5ceb0a42af2dc3793616510) Importer(2089858483,b0f066a214c2f5e87bad3c948f4d605d)
Start importing Assets/Toon Adventure Island/Prefabs/Vegetation/Plants/TAI_Plant_19A.prefab using Guid(82b933ebc5ceb0a42af2dc3793616510) Importer(2089858483,b0f066a214c2f5e87bad3c948f4d605d) (ScriptedImporter) -> (artifact id: '9f6b31dfa98426e6c1526312379130e6') in 0.0213994 seconds
Number of updated asset objects reloaded before import = 0Number of asset objects unloaded after import = 25

========================================================================
Received Import Request.
  Time since last request: 0.000042 seconds.
  path: Assets/Toon Adventure Island/Prefabs/Props/TAI_Bottle_03A.prefab
  artifactKey: Guid(3536b694a9d8bdf4fb791e9e4cb928df) Importer(2089858483,b0f066a214c2f5e87bad3c948f4d605d)
Start importing Assets/Toon Adventure Island/Prefabs/Props/TAI_Bottle_03A.prefab using Guid(3536b694a9d8bdf4fb791e9e4cb928df) Importer(2089858483,b0f066a214c2f5e87bad3c948f4d605d) (ScriptedImporter) -> (artifact id: '6dba0ad34036aa24fff1347f7f3caa3f') in 0.0226433 seconds
Number of updated asset objects reloaded before import = 0Number of asset objects unloaded after import = 10

========================================================================
Received Import Request.
  Time since last request: 0.000035 seconds.
  path: Assets/Toon Adventure Island/Models/TAI_Wood_Barrel_02A.fbx
  artifactKey: Guid(99be7e8630504a6438ceaf1bf55773dc) Importer(2089858483,b0f066a214c2f5e87bad3c948f4d605d)
Start importing Assets/Toon Adventure Island/Models/TAI_Wood_Barrel_02A.fbx using Guid(99be7e8630504a6438ceaf1bf55773dc) Importer(2089858483,b0f066a214c2f5e87bad3c948f4d605d) (ScriptedImporter) -> (artifact id: 'c1fd6dfec1a427f2dd7bea4040cf3fea') in 0.0287111 seconds
Number of updated asset objects reloaded before import = 0Number of asset objects unloaded after import = 54

========================================================================
Received Import Request.
  Time since last request: 0.000053 seconds.
  path: Assets/Toon Adventure Island/Models/TAI_Cannon_Ammo_02A.fbx
  artifactKey: Guid(5bd86f16cf3903042b678167d29aa828) Importer(2089858483,b0f066a214c2f5e87bad3c948f4d605d)
Start importing Assets/Toon Adventure Island/Models/TAI_Cannon_Ammo_02A.fbx using Guid(5bd86f16cf3903042b678167d29aa828) Importer(2089858483,b0f066a214c2f5e87bad3c948f4d605d) (ScriptedImporter) -> (artifact id: '2b17a3942b38f76e08f1b3e6daf88341') in 0.0256352 seconds
Number of updated asset objects reloaded before import = 0Number of asset objects unloaded after import = 15

========================================================================
Received Import Request.
  Time since last request: 0.000043 seconds.
  path: Assets/Toon Adventure Island/Prefabs/Rocks/TAI_Rock_Medium_10A.prefab
  artifactKey: Guid(7960de14cd450a642ac2a7e40300f27b) Importer(2089858483,b0f066a214c2f5e87bad3c948f4d605d)
Start importing Assets/Toon Adventure Island/Prefabs/Rocks/TAI_Rock_Medium_10A.prefab using Guid(7960de14cd450a642ac2a7e40300f27b) Importer(2089858483,b0f066a214c2f5e87bad3c948f4d605d) (ScriptedImporter) -> (artifact id: '1906208c85573628bdaaf26613b89097') in 0.0236555 seconds
Number of updated asset objects reloaded before import = 0Number of asset objects unloaded after import = 28

========================================================================
Received Import Request.
  Time since last request: 0.000030 seconds.
  path: Assets/Toon Adventure Island/Models/TAI_Anchor_01A.fbx
  artifactKey: Guid(0feacf6809cd0524ea048ea3e83a279b) Importer(2089858483,b0f066a214c2f5e87bad3c948f4d605d)
Start importing Assets/Toon Adventure Island/Models/TAI_Anchor_01A.fbx using Guid(0feacf6809cd0524ea048ea3e83a279b) Importer(2089858483,b0f066a214c2f5e87bad3c948f4d605d) (ScriptedImporter) -> (artifact id: '0f9f73443bae86010b83f279872612cb') in 0.0287654 seconds
Number of updated asset objects reloaded before import = 0Number of asset objects unloaded after import = 32

========================================================================
Received Import Request.
  Time since last request: 0.000054 seconds.
  path: Assets/Toon Adventure Island/Models/TAI_Ladder_01A.fbx
  artifactKey: Guid(23b427083bdee2f4699ed2a6de7e0da4) Importer(2089858483,b0f066a214c2f5e87bad3c948f4d605d)
Start importing Assets/Toon Adventure Island/Models/TAI_Ladder_01A.fbx using Guid(23b427083bdee2f4699ed2a6de7e0da4) Importer(2089858483,b0f066a214c2f5e87bad3c948f4d605d) (ScriptedImporter) -> (artifact id: 'f27a710f4af2784ce320cd9ffaf35406') in 0.0321522 seconds
Number of updated asset objects reloaded before import = 0Number of asset objects unloaded after import = 41

========================================================================
Received Import Request.
  Time since last request: 0.000032 seconds.
  path: Assets/Toon Adventure Island/Prefabs/Props/TAI_Skull_03A.prefab
  artifactKey: Guid(68eb1d756ca8d4842b4b6b4e4efd0b0f) Importer(2089858483,b0f066a214c2f5e87bad3c948f4d605d)
Start importing Assets/Toon Adventure Island/Prefabs/Props/TAI_Skull_03A.prefab using Guid(68eb1d756ca8d4842b4b6b4e4efd0b0f) Importer(2089858483,b0f066a214c2f5e87bad3c948f4d605d) (ScriptedImporter) -> (artifact id: '63bd9e4b8014133c4a855176e8c8fbe8') in 0.019676 seconds
Number of updated asset objects reloaded before import = 0Number of asset objects unloaded after import = 16

========================================================================
Received Import Request.
  Time since last request: 0.000058 seconds.
  path: Assets/Toon Adventure Island/Prefabs/Animals
  artifactKey: Guid(3c2c17d699f81c245b7020cbe3f8660d) Importer(2089858483,b0f066a214c2f5e87bad3c948f4d605d)
Start importing Assets/Toon Adventure Island/Prefabs/Animals using Guid(3c2c17d699f81c245b7020cbe3f8660d) Importer(2089858483,b0f066a214c2f5e87bad3c948f4d605d) (ScriptedImporter) -> (artifact id: '610cf671b97db4284d339842c80d3d0e') in 0.0177743 seconds
Number of updated asset objects reloaded before import = 0Number of asset objects unloaded after import = 1

========================================================================
Received Import Request.
  Time since last request: 0.000037 seconds.
  path: Assets/Toon Adventure Island/Terrain/TAI_Terrain_Sand_3A_D.tif
  artifactKey: Guid(414102b76fce3e540a6a224f8038517e) Importer(2089858483,b0f066a214c2f5e87bad3c948f4d605d)
Start importing Assets/Toon Adventure Island/Terrain/TAI_Terrain_Sand_3A_D.tif using Guid(414102b76fce3e540a6a224f8038517e) Importer(2089858483,b0f066a214c2f5e87bad3c948f4d605d) (ScriptedImporter) -> (artifact id: '7fe294410b6aa2022181b831303be928') in 0.0318099 seconds
Number of updated asset objects reloaded before import = 0Number of asset objects unloaded after import = 1

========================================================================
Received Import Request.
  Time since last request: 0.000049 seconds.
  path: Assets/Toon Adventure Island/Models/TAI_Plant_08B.fbx
  artifactKey: Guid(2af197af264337b48a3585e240b673ee) Importer(2089858483,b0f066a214c2f5e87bad3c948f4d605d)
Start importing Assets/Toon Adventure Island/Models/TAI_Plant_08B.fbx using Guid(2af197af264337b48a3585e240b673ee) Importer(2089858483,b0f066a214c2f5e87bad3c948f4d605d) (ScriptedImporter) -> (artifact id: 'be9cc0d8fa6d3b717f769b621b7b3951') in 0.02783 seconds
Number of updated asset objects reloaded before import = 0Number of asset objects unloaded after import = 25

========================================================================
Received Import Request.
  Time since last request: 0.000031 seconds.
  path: Assets/Toon Adventure Island/Prefabs/Vegetation/Trees/TAI_Palm_Trunk_04A.prefab
  artifactKey: Guid(d1c8a1e969c69714983ca7640646c74a) Importer(2089858483,b0f066a214c2f5e87bad3c948f4d605d)
Start importing Assets/Toon Adventure Island/Prefabs/Vegetation/Trees/TAI_Palm_Trunk_04A.prefab using Guid(d1c8a1e969c69714983ca7640646c74a) Importer(2089858483,b0f066a214c2f5e87bad3c948f4d605d) (ScriptedImporter) -> (artifact id: '3c2d9171d92a730a161b61fdbb666ea1') in 0.0275208 seconds
Number of updated asset objects reloaded before import = 0Number of asset objects unloaded after import = 21

========================================================================
Received Import Request.
  Time since last request: 0.000041 seconds.
  path: Assets/Toon Adventure Island/Prefabs/Props/TAI_Ladder_01A.prefab
  artifactKey: Guid(ee9a358435bf1164aafe0a0c67667776) Importer(2089858483,b0f066a214c2f5e87bad3c948f4d605d)
Start importing Assets/Toon Adventure Island/Prefabs/Props/TAI_Ladder_01A.prefab using Guid(ee9a358435bf1164aafe0a0c67667776) Importer(2089858483,b0f066a214c2f5e87bad3c948f4d605d) (ScriptedImporter) -> (artifact id: 'e498eb6e11e928e6823d82d7b1126b2a') in 0.0186572 seconds
Number of updated asset objects reloaded before import = 0Number of asset objects unloaded after import = 44

========================================================================
Received Import Request.
  Time since last request: 0.000029 seconds.
  path: Assets/Toon Adventure Island/Prefabs/Vegetation/Plants/TAI_Plant_11A.prefab
  artifactKey: Guid(326b520268962034787d15a52dfc83f9) Importer(2089858483,b0f066a214c2f5e87bad3c948f4d605d)
Start importing Assets/Toon Adventure Island/Prefabs/Vegetation/Plants/TAI_Plant_11A.prefab using Guid(326b520268962034787d15a52dfc83f9) Importer(2089858483,b0f066a214c2f5e87bad3c948f4d605d) (ScriptedImporter) -> (artifact id: 'd080ff4b4bc02bda38107c6e5eabccb1') in 0.0180878 seconds
Number of updated asset objects reloaded before import = 0Number of asset objects unloaded after import = 26

========================================================================
Received Import Request.
  Time since last request: 0.000036 seconds.
  path: Assets/Toon Adventure Island/Prefabs/Rocks/TAI_Underwater_Rock_Medium_01A.prefab
  artifactKey: Guid(d6bc738dcaad8254a9c57e88916f6877) Importer(2089858483,b0f066a214c2f5e87bad3c948f4d605d)
Start importing Assets/Toon Adventure Island/Prefabs/Rocks/TAI_Underwater_Rock_Medium_01A.prefab using Guid(d6bc738dcaad8254a9c57e88916f6877) Importer(2089858483,b0f066a214c2f5e87bad3c948f4d605d) (ScriptedImporter) -> (artifact id: 'd949f6ea350f908d9b6a27b99b8f2cd4') in 0.0217536 seconds
Number of updated asset objects reloaded before import = 0Number of asset objects unloaded after import = 18

========================================================================
Received Import Request.
  Time since last request: 0.000062 seconds.
  path: Assets/Toon Adventure Island/Animations/TAI_Fish_01_Swimming_Slow.controller
  artifactKey: Guid(e0b1af48b0ead1b4589bb008d674585c) Importer(2089858483,b0f066a214c2f5e87bad3c948f4d605d)
Start importing Assets/Toon Adventure Island/Animations/TAI_Fish_01_Swimming_Slow.controller using Guid(e0b1af48b0ead1b4589bb008d674585c) Importer(2089858483,b0f066a214c2f5e87bad3c948f4d605d) (ScriptedImporter) -> (artifact id: 'cae8f19aa2764b91ae2e71f6b0c37829') in 0.019818 seconds
Number of updated asset objects reloaded before import = 0Number of asset objects unloaded after import = 4

========================================================================
Received Import Request.
  Time since last request: 0.000052 seconds.
  path: Assets/Toon Adventure Island/Prefabs/Nautical/TAI_Shipwreck_01B.prefab
  artifactKey: Guid(f8ba0dfc72e85304189fefb7743283f5) Importer(2089858483,b0f066a214c2f5e87bad3c948f4d605d)
Start importing Assets/Toon Adventure Island/Prefabs/Nautical/TAI_Shipwreck_01B.prefab using Guid(f8ba0dfc72e85304189fefb7743283f5) Importer(2089858483,b0f066a214c2f5e87bad3c948f4d605d) (ScriptedImporter) -> (artifact id: 'e546fd442c4c6860e4162715fb02393b') in 0.0265467 seconds
Number of updated asset objects reloaded before import = 0Number of asset objects unloaded after import = 95

========================================================================
Received Import Request.
  Time since last request: 0.000031 seconds.
  path: Assets/Toon Adventure Island/Prefabs/Rocks/TAI_Cliff_03B.prefab
  artifactKey: Guid(a6540b90bf69ff04d9a6260f9285b654) Importer(2089858483,b0f066a214c2f5e87bad3c948f4d605d)
Start importing Assets/Toon Adventure Island/Prefabs/Rocks/TAI_Cliff_03B.prefab using Guid(a6540b90bf69ff04d9a6260f9285b654) Importer(2089858483,b0f066a214c2f5e87bad3c948f4d605d) (ScriptedImporter) -> (artifact id: 'e55ea59b426a925bc261cd292e216cd9') in 0.0154979 seconds
Number of updated asset objects reloaded before import = 0Number of asset objects unloaded after import = 33

========================================================================
Received Import Request.
  Time since last request: 0.000029 seconds.
  path: Assets/Toon Adventure Island/Models/TAI_Rope_06A.fbx
  artifactKey: Guid(18db3d8b5a4be384dace2dcda46d4a93) Importer(2089858483,b0f066a214c2f5e87bad3c948f4d605d)
Start importing Assets/Toon Adventure Island/Models/TAI_Rope_06A.fbx using Guid(18db3d8b5a4be384dace2dcda46d4a93) Importer(2089858483,b0f066a214c2f5e87bad3c948f4d605d) (ScriptedImporter) -> (artifact id: '46f5ea36e88850012569f269207b94db') in 0.0207194 seconds
Number of updated asset objects reloaded before import = 0Number of asset objects unloaded after import = 20

========================================================================
Received Import Request.
  Time since last request: 0.393283 seconds.
  path: Assets/Toon Adventure Island/Textures/TAI_Flowers_Patch_01A.tga
  artifactKey: Guid(ac8122b0df76f4e419009a1facbcaff5) Importer(2089858483,b0f066a214c2f5e87bad3c948f4d605d)
Start importing Assets/Toon Adventure Island/Textures/TAI_Flowers_Patch_01A.tga using Guid(ac8122b0df76f4e419009a1facbcaff5) Importer(2089858483,b0f066a214c2f5e87bad3c948f4d605d) (ScriptedImporter) -> (artifact id: 'dfe3161876f7e1239b508dbfc66bf722') in 0.0245744 seconds
Number of updated asset objects reloaded before import = 0Number of asset objects unloaded after import = 1

========================================================================
Received Import Request.
  Time since last request: 0.000059 seconds.
  path: Assets/Toon Adventure Island/Models/TAI_Shell_03A.fbx
  artifactKey: Guid(bbfd906d9057a3d488103d239b40151e) Importer(2089858483,b0f066a214c2f5e87bad3c948f4d605d)
Start importing Assets/Toon Adventure Island/Models/TAI_Shell_03A.fbx using Guid(bbfd906d9057a3d488103d239b40151e) Importer(2089858483,b0f066a214c2f5e87bad3c948f4d605d) (ScriptedImporter) -> (artifact id: 'f1af79afb77b7dfc6ea9ab33b6f3f438') in 0.018727 seconds
Number of updated asset objects reloaded before import = 0Number of asset objects unloaded after import = 20

========================================================================
Received Import Request.
  Time since last request: 0.000046 seconds.
  path: Assets/Toon Adventure Island/Prefabs/Ruins/TAI_Staging_01A.prefab
  artifactKey: Guid(0c264503d0ac3ec4982ea58ba84717e1) Importer(2089858483,b0f066a214c2f5e87bad3c948f4d605d)
Start importing Assets/Toon Adventure Island/Prefabs/Ruins/TAI_Staging_01A.prefab using Guid(0c264503d0ac3ec4982ea58ba84717e1) Importer(2089858483,b0f066a214c2f5e87bad3c948f4d605d) (ScriptedImporter) -> (artifact id: 'b7d850ed6ed35f339d5bf672caedfb51') in 0.0259872 seconds
Number of updated asset objects reloaded before import = 0Number of asset objects unloaded after import = 24

========================================================================
Received Import Request.
  Time since last request: 0.000031 seconds.
  path: Assets/Toon Adventure Island/Prefabs/Weapons/TAI_Sword_03A.prefab
  artifactKey: Guid(82be5a67b73462040a3d243236a9db22) Importer(2089858483,b0f066a214c2f5e87bad3c948f4d605d)
Start importing Assets/Toon Adventure Island/Prefabs/Weapons/TAI_Sword_03A.prefab using Guid(82be5a67b73462040a3d243236a9db22) Importer(2089858483,b0f066a214c2f5e87bad3c948f4d605d) (ScriptedImporter) -> (artifact id: '50f1bb78e04f9924981c928a9e3c0421') in 0.0201097 seconds
Number of updated asset objects reloaded before import = 0Number of asset objects unloaded after import = 16

========================================================================
Received Import Request.
  Time since last request: 0.000065 seconds.
  path: Assets/Toon Adventure Island/Prefabs/Rocks/TAI_Underwater_Rock_Large_02A.prefab
  artifactKey: Guid(ad8d015db55b7d345be20fe9d6747bc9) Importer(2089858483,b0f066a214c2f5e87bad3c948f4d605d)
Start importing Assets/Toon Adventure Island/Prefabs/Rocks/TAI_Underwater_Rock_Large_02A.prefab using Guid(ad8d015db55b7d345be20fe9d6747bc9) Importer(2089858483,b0f066a214c2f5e87bad3c948f4d605d) (ScriptedImporter) -> (artifact id: '0ddb9baadc0466508f99f55988c172d4') in 0.0223716 seconds
Number of updated asset objects reloaded before import = 0Number of asset objects unloaded after import = 18

========================================================================
Received Import Request.
  Time since last request: 0.000044 seconds.
  path: Assets/Toon Adventure Island/Prefabs/Props/TAI_Wood_Crate_02A.prefab
  artifactKey: Guid(21c235f7804b7144cb29f174c19a7abf) Importer(2089858483,b0f066a214c2f5e87bad3c948f4d605d)
Start importing Assets/Toon Adventure Island/Prefabs/Props/TAI_Wood_Crate_02A.prefab using Guid(21c235f7804b7144cb29f174c19a7abf) Importer(2089858483,b0f066a214c2f5e87bad3c948f4d605d) (ScriptedImporter) -> (artifact id: '3a6a23d61f8a7bb734d53b74cc8a9c33') in 0.02607 seconds
Number of updated asset objects reloaded before import = 0Number of asset objects unloaded after import = 49

========================================================================
Received Import Request.
  Time since last request: 0.000106 seconds.
  path: Assets/Toon Adventure Island/Prefabs/Vegetation/Plants/TAI_Vine_01A.prefab
  artifactKey: Guid(597bc23ac570d4e4980d062e5148310c) Importer(2089858483,b0f066a214c2f5e87bad3c948f4d605d)
Start importing Assets/Toon Adventure Island/Prefabs/Vegetation/Plants/TAI_Vine_01A.prefab using Guid(597bc23ac570d4e4980d062e5148310c) Importer(2089858483,b0f066a214c2f5e87bad3c948f4d605d) (ScriptedImporter) -> (artifact id: '58151f4e823e31098444bf4f945df179') in 0.023612 seconds
Number of updated asset objects reloaded before import = 0Number of asset objects unloaded after import = 20

========================================================================
Received Import Request.
  Time since last request: 0.000042 seconds.
  path: Assets/Toon Adventure Island/Models/TAI_Rock_Large_07B.fbx
  artifactKey: Guid(25d87a23ff4b9194c9b61160ea77868e) Importer(2089858483,b0f066a214c2f5e87bad3c948f4d605d)
Start importing Assets/Toon Adventure Island/Models/TAI_Rock_Large_07B.fbx using Guid(25d87a23ff4b9194c9b61160ea77868e) Importer(2089858483,b0f066a214c2f5e87bad3c948f4d605d) (ScriptedImporter) -> (artifact id: '8d0150c6357f243aed0b65a910ef12e2') in 0.0351634 seconds
Number of updated asset objects reloaded before import = 0Number of asset objects unloaded after import = 30

========================================================================
Received Import Request.
  Time since last request: 0.113730 seconds.
  path: Assets/Toon Adventure Island/Models/TAI_Skeleton_04A.fbx
  artifactKey: Guid(26fa311f6abeeb84f98e818e9226544c) Importer(2089858483,b0f066a214c2f5e87bad3c948f4d605d)
Start importing Assets/Toon Adventure Island/Models/TAI_Skeleton_04A.fbx using Guid(26fa311f6abeeb84f98e818e9226544c) Importer(2089858483,b0f066a214c2f5e87bad3c948f4d605d) (ScriptedImporter) -> (artifact id: 'af48f05619c80112a6fe07e42224e6f9') in 0.0240278 seconds
Number of updated asset objects reloaded before import = 0Number of asset objects unloaded after import = 15

========================================================================
Received Import Request.
  Time since last request: 0.000034 seconds.
  path: Assets/Toon Adventure Island/Prefabs/Props/TAI_Bottle_03B.prefab
  artifactKey: Guid(71cb7414952d0c648884751e65ecb35e) Importer(2089858483,b0f066a214c2f5e87bad3c948f4d605d)
Start importing Assets/Toon Adventure Island/Prefabs/Props/TAI_Bottle_03B.prefab using Guid(71cb7414952d0c648884751e65ecb35e) Importer(2089858483,b0f066a214c2f5e87bad3c948f4d605d) (ScriptedImporter) -> (artifact id: '9c455adf468ea2c50a312a3568a4e04c') in 0.0240574 seconds
Number of updated asset objects reloaded before import = 0Number of asset objects unloaded after import = 10

========================================================================
Received Import Request.
  Time since last request: 0.000034 seconds.
  path: Assets/Toon Adventure Island/Prefabs/Nautical/TAI_Pier_Bollard_01A.prefab
  artifactKey: Guid(04084e98c9e0a9e42a3c94a899a117d4) Importer(2089858483,b0f066a214c2f5e87bad3c948f4d605d)
Start importing Assets/Toon Adventure Island/Prefabs/Nautical/TAI_Pier_Bollard_01A.prefab using Guid(04084e98c9e0a9e42a3c94a899a117d4) Importer(2089858483,b0f066a214c2f5e87bad3c948f4d605d) (ScriptedImporter) -> (artifact id: '949d169355b0c797c8351b4e4e0e57eb') in 0.0228357 seconds
Number of updated asset objects reloaded before import = 0Number of asset objects unloaded after import = 26

========================================================================
Received Import Request.
  Time since last request: 0.000078 seconds.
  path: Assets/Toon Adventure Island/Prefabs/Nautical/TAI_Fishing_Net_03A.prefab
  artifactKey: Guid(f170b56a33a20964a92899ce0f6c55ad) Importer(2089858483,b0f066a214c2f5e87bad3c948f4d605d)
Start importing Assets/Toon Adventure Island/Prefabs/Nautical/TAI_Fishing_Net_03A.prefab using Guid(f170b56a33a20964a92899ce0f6c55ad) Importer(2089858483,b0f066a214c2f5e87bad3c948f4d605d) (ScriptedImporter) -> (artifact id: '2ec879a90ca58634a88dd74d88d8c990') in 0.0219315 seconds
Number of updated asset objects reloaded before import = 0Number of asset objects unloaded after import = 28

========================================================================
Received Import Request.
  Time since last request: 0.000049 seconds.
  path: Assets/Toon Adventure Island/Models/TAI_Pavement_Block_01A.fbx
  artifactKey: Guid(2eecfe605ae5b4d49984e2984a0fe1bd) Importer(2089858483,b0f066a214c2f5e87bad3c948f4d605d)
Start importing Assets/Toon Adventure Island/Models/TAI_Pavement_Block_01A.fbx using Guid(2eecfe605ae5b4d49984e2984a0fe1bd) Importer(2089858483,b0f066a214c2f5e87bad3c948f4d605d) (ScriptedImporter) -> (artifact id: '0d45c7245ea0385e50a4bb30301b35ef') in 0.0267875 seconds
Number of updated asset objects reloaded before import = 0Number of asset objects unloaded after import = 15

========================================================================
Received Import Request.
  Time since last request: 0.000024 seconds.
  path: Assets/Toon Adventure Island/Prefabs/Vegetation/Plants/TAI_Plant_16A.prefab
  artifactKey: Guid(19f04b1abfbc53d4395dec7065e29fdc) Importer(2089858483,b0f066a214c2f5e87bad3c948f4d605d)
Start importing Assets/Toon Adventure Island/Prefabs/Vegetation/Plants/TAI_Plant_16A.prefab using Guid(19f04b1abfbc53d4395dec7065e29fdc) Importer(2089858483,b0f066a214c2f5e87bad3c948f4d605d) (ScriptedImporter) -> (artifact id: 'a431c8a649f35cc570642a6ecac71d2b') in 0.0254935 seconds
Number of updated asset objects reloaded before import = 0Number of asset objects unloaded after import = 25

========================================================================
Received Import Request.
  Time since last request: 0.000054 seconds.
  path: Assets/Toon Adventure Island/Terrain/TAI_Terrain_Sand_1B_D.tif
  artifactKey: Guid(2766cec5e84853343815f85452cd2451) Importer(2089858483,b0f066a214c2f5e87bad3c948f4d605d)
Start importing Assets/Toon Adventure Island/Terrain/TAI_Terrain_Sand_1B_D.tif using Guid(2766cec5e84853343815f85452cd2451) Importer(2089858483,b0f066a214c2f5e87bad3c948f4d605d) (ScriptedImporter) -> (artifact id: 'c12bbf6e4d8a8a2eb73aca1401c5b01f') in 0.0319484 seconds
Number of updated asset objects reloaded before import = 0Number of asset objects unloaded after import = 1

========================================================================
Received Import Request.
  Time since last request: 0.000077 seconds.
  path: Assets/Toon Adventure Island/Prefabs/Ruins/TAI_Stone_Pillar_03A.prefab
  artifactKey: Guid(7dc52b24aa14bf04bb44d8ea0cc2eaa1) Importer(2089858483,b0f066a214c2f5e87bad3c948f4d605d)
Start importing Assets/Toon Adventure Island/Prefabs/Ruins/TAI_Stone_Pillar_03A.prefab using Guid(7dc52b24aa14bf04bb44d8ea0cc2eaa1) Importer(2089858483,b0f066a214c2f5e87bad3c948f4d605d) (ScriptedImporter) -> (artifact id: 'a683d12c879e662dbdc9f6e8514dd8ab') in 0.0242062 seconds
Number of updated asset objects reloaded before import = 0Number of asset objects unloaded after import = 27

========================================================================
Received Import Request.
  Time since last request: 0.113568 seconds.
  path: Assets/Toon Adventure Island/Animations/TAI_Seagull_01_Idle_03_Regular.controller
  artifactKey: Guid(ddeceb2b274fe8a49bb35f00c7a6c439) Importer(2089858483,b0f066a214c2f5e87bad3c948f4d605d)
Start importing Assets/Toon Adventure Island/Animations/TAI_Seagull_01_Idle_03_Regular.controller using Guid(ddeceb2b274fe8a49bb35f00c7a6c439) Importer(2089858483,b0f066a214c2f5e87bad3c948f4d605d) (ScriptedImporter) -> (artifact id: '2e14391f19f1d3d456fab847ca3958eb') in 0.0255388 seconds
Number of updated asset objects reloaded before import = 0Number of asset objects unloaded after import = 4

========================================================================
Received Import Request.
  Time since last request: 0.000106 seconds.
  path: Assets/Toon Adventure Island/Models/TAI_Stone_Wall_03A.fbx
  artifactKey: Guid(eb322d523b8d94e4fb013d32d8845626) Importer(2089858483,b0f066a214c2f5e87bad3c948f4d605d)
Start importing Assets/Toon Adventure Island/Models/TAI_Stone_Wall_03A.fbx using Guid(eb322d523b8d94e4fb013d32d8845626) Importer(2089858483,b0f066a214c2f5e87bad3c948f4d605d) (ScriptedImporter) -> (artifact id: '775402458f6030b6b275b3d0577b6ac7') in 0.05091 seconds
Number of updated asset objects reloaded before import = 0Number of asset objects unloaded after import = 40

========================================================================
Received Import Request.
  Time since last request: 0.000049 seconds.
  path: Assets/Toon Adventure Island/Prefabs/Vegetation/Plants/TAI_Plant_08A.prefab
  artifactKey: Guid(60578bd7a32e7a64bb8269923742d44b) Importer(2089858483,b0f066a214c2f5e87bad3c948f4d605d)
Start importing Assets/Toon Adventure Island/Prefabs/Vegetation/Plants/TAI_Plant_08A.prefab using Guid(60578bd7a32e7a64bb8269923742d44b) Importer(2089858483,b0f066a214c2f5e87bad3c948f4d605d) (ScriptedImporter) -> (artifact id: 'e4e3fe056dfa111cb5372ef7b7eca087') in 0.0289862 seconds
Number of updated asset objects reloaded before import = 0Number of asset objects unloaded after import = 26

========================================================================
Received Import Request.
  Time since last request: 0.000124 seconds.
  path: Assets/Toon Adventure Island/Models/TAI_Boat_03A_Module_1.fbx
  artifactKey: Guid(98de654159333d446b4aec40ca6a88be) Importer(2089858483,b0f066a214c2f5e87bad3c948f4d605d)
Start importing Assets/Toon Adventure Island/Models/TAI_Boat_03A_Module_1.fbx using Guid(98de654159333d446b4aec40ca6a88be) Importer(2089858483,b0f066a214c2f5e87bad3c948f4d605d) (ScriptedImporter) -> (artifact id: 'cdf68b9b3f4f9006fc30abc73de3220d') in 0.0489349 seconds
Number of updated asset objects reloaded before import = 0Number of asset objects unloaded after import = 25

========================================================================
Received Import Request.
  Time since last request: 0.000060 seconds.
  path: Assets/Toon Adventure Island/Models/TAI_Shovel_01A.fbx
  artifactKey: Guid(14f8d6c18a2d19c45aab18f1dae94802) Importer(2089858483,b0f066a214c2f5e87bad3c948f4d605d)
Start importing Assets/Toon Adventure Island/Models/TAI_Shovel_01A.fbx using Guid(14f8d6c18a2d19c45aab18f1dae94802) Importer(2089858483,b0f066a214c2f5e87bad3c948f4d605d) (ScriptedImporter) -> (artifact id: 'cda84668c7de2f2df14106e6b929d5f0') in 0.0293428 seconds
Number of updated asset objects reloaded before import = 0Number of asset objects unloaded after import = 15

========================================================================
Received Import Request.
  Time since last request: 0.000054 seconds.
  path: Assets/Toon Adventure Island/Particles/TAI_Fire_Quad_01B.prefab
  artifactKey: Guid(9fa9c6f87d68c564da3cc0a19eaf535f) Importer(2089858483,b0f066a214c2f5e87bad3c948f4d605d)
Start importing Assets/Toon Adventure Island/Particles/TAI_Fire_Quad_01B.prefab using Guid(9fa9c6f87d68c564da3cc0a19eaf535f) Importer(2089858483,b0f066a214c2f5e87bad3c948f4d605d) (ScriptedImporter) -> (artifact id: '24723d577c861d956a91aa44ed88bf14') in 0.0278675 seconds
Number of updated asset objects reloaded before import = 0Number of asset objects unloaded after import = 8

========================================================================
Received Import Request.
  Time since last request: 0.000049 seconds.
  path: Assets/Toon Adventure Island/Prefabs/Weapons/TAI_Pirate_Gun_01A.prefab
  artifactKey: Guid(ed21e82042791e1448072c90736d39ba) Importer(2089858483,b0f066a214c2f5e87bad3c948f4d605d)
Start importing Assets/Toon Adventure Island/Prefabs/Weapons/TAI_Pirate_Gun_01A.prefab using Guid(ed21e82042791e1448072c90736d39ba) Importer(2089858483,b0f066a214c2f5e87bad3c948f4d605d) (ScriptedImporter) -> (artifact id: '5bcac90c3e6971ecb30ed138a88c5d28') in 0.0243886 seconds
Number of updated asset objects reloaded before import = 0Number of asset objects unloaded after import = 9

========================================================================
Received Import Request.
  Time since last request: 0.000049 seconds.
  path: Assets/Toon Adventure Island/Prefabs/Rocks/TAI_Rock_Medium_02B.prefab
  artifactKey: Guid(64acd2fc5626737478f6d666c395fa7c) Importer(2089858483,b0f066a214c2f5e87bad3c948f4d605d)
Start importing Assets/Toon Adventure Island/Prefabs/Rocks/TAI_Rock_Medium_02B.prefab using Guid(64acd2fc5626737478f6d666c395fa7c) Importer(2089858483,b0f066a214c2f5e87bad3c948f4d605d) (ScriptedImporter) -> (artifact id: 'b3b9fdec1c2ca1cc0b4e3df50cd51417') in 0.0244216 seconds
Number of updated asset objects reloaded before import = 0Number of asset objects unloaded after import = 28

========================================================================
Received Import Request.
  Time since last request: 0.014453 seconds.
  path: Assets/Toon Adventure Island/Models/TAI_Rope_Vine_01B.fbx
  artifactKey: Guid(b679b6d7b5e682b46971ffb683a4d62c) Importer(2089858483,b0f066a214c2f5e87bad3c948f4d605d)
Start importing Assets/Toon Adventure Island/Models/TAI_Rope_Vine_01B.fbx using Guid(b679b6d7b5e682b46971ffb683a4d62c) Importer(2089858483,b0f066a214c2f5e87bad3c948f4d605d) (ScriptedImporter) -> (artifact id: '28f71951f5d755bda77b9a0e424d2c08') in 0.0301495 seconds
Number of updated asset objects reloaded before import = 0Number of asset objects unloaded after import = 25

========================================================================
Received Import Request.
  Time since last request: 0.000040 seconds.
  path: Assets/Toon Adventure Island/Profiles/TAI_Demo_Island.asset
  artifactKey: Guid(bbaaeedb7fbc49c44ab70787a7aa478d) Importer(2089858483,b0f066a214c2f5e87bad3c948f4d605d)
Start importing Assets/Toon Adventure Island/Profiles/TAI_Demo_Island.asset using Guid(bbaaeedb7fbc49c44ab70787a7aa478d) Importer(2089858483,b0f066a214c2f5e87bad3c948f4d605d) (ScriptedImporter) -> (artifact id: 'a57b21aee524adfde5217cb394f864e2') in 0.0245041 seconds
Number of updated asset objects reloaded before import = 0Number of asset objects unloaded after import = 3

========================================================================
Received Import Request.
  Time since last request: 0.000032 seconds.
  path: Assets/Toon Adventure Island/Prefabs/Vegetation/Plants/TAI_Plant_Leaves_01A.prefab
  artifactKey: Guid(345e12a254f3af5408f9973a29cf1549) Importer(2089858483,b0f066a214c2f5e87bad3c948f4d605d)
Start importing Assets/Toon Adventure Island/Prefabs/Vegetation/Plants/TAI_Plant_Leaves_01A.prefab using Guid(345e12a254f3af5408f9973a29cf1549) Importer(2089858483,b0f066a214c2f5e87bad3c948f4d605d) (ScriptedImporter) -> (artifact id: '02f41a4104ba35852cfc7a5acd9cab0d') in 0.018657 seconds
Number of updated asset objects reloaded before import = 0Number of asset objects unloaded after import = 20

========================================================================
Received Import Request.
  Time since last request: 0.000044 seconds.
  path: Assets/Toon Adventure Island/Prefabs/Rocks/TAI_Cliff_02B.prefab
  artifactKey: Guid(70014b3bcc5697c4abc4d4daa5b0036b) Importer(2089858483,b0f066a214c2f5e87bad3c948f4d605d)
Start importing Assets/Toon Adventure Island/Prefabs/Rocks/TAI_Cliff_02B.prefab using Guid(70014b3bcc5697c4abc4d4daa5b0036b) Importer(2089858483,b0f066a214c2f5e87bad3c948f4d605d) (ScriptedImporter) -> (artifact id: '358a9e3ab95bbbc02c47215fe0682e25') in 0.0258667 seconds
Number of updated asset objects reloaded before import = 0Number of asset objects unloaded after import = 33

========================================================================
Received Import Request.
  Time since last request: 0.000038 seconds.
  path: Assets/Toon Adventure Island/Terrain/TAI_Terrain_Sand_1A_D.tif
  artifactKey: Guid(a7741f188142c0c488b0918c2a9ee11d) Importer(2089858483,b0f066a214c2f5e87bad3c948f4d605d)
Start importing Assets/Toon Adventure Island/Terrain/TAI_Terrain_Sand_1A_D.tif using Guid(a7741f188142c0c488b0918c2a9ee11d) Importer(2089858483,b0f066a214c2f5e87bad3c948f4d605d) (ScriptedImporter) -> (artifact id: 'a53af26a5bd509e6f78a4d6a8b264412') in 0.0338148 seconds
Number of updated asset objects reloaded before import = 0Number of asset objects unloaded after import = 1

========================================================================
Received Import Request.
  Time since last request: 0.000101 seconds.
  path: Assets/Toon Adventure Island/Prefabs/Animals/TAI_Swordfish_01A.prefab
  artifactKey: Guid(c5b9f03f046e06f42b0efe1491b0ef55) Importer(2089858483,b0f066a214c2f5e87bad3c948f4d605d)
Start importing Assets/Toon Adventure Island/Prefabs/Animals/TAI_Swordfish_01A.prefab using Guid(c5b9f03f046e06f42b0efe1491b0ef55) Importer(2089858483,b0f066a214c2f5e87bad3c948f4d605d) (ScriptedImporter) -> (artifact id: 'd951994ac41596abdc3d01376af01fec') in 0.0206142 seconds
Number of updated asset objects reloaded before import = 0Number of asset objects unloaded after import = 8

========================================================================
Received Import Request.
  Time since last request: 0.000068 seconds.
  path: Assets/Toon Adventure Island/Prefabs/Nautical/TAI_Rope_02A.prefab
  artifactKey: Guid(d6d930df2df9c5748bb6892401f85c66) Importer(2089858483,b0f066a214c2f5e87bad3c948f4d605d)
Start importing Assets/Toon Adventure Island/Prefabs/Nautical/TAI_Rope_02A.prefab using Guid(d6d930df2df9c5748bb6892401f85c66) Importer(2089858483,b0f066a214c2f5e87bad3c948f4d605d) (ScriptedImporter) -> (artifact id: 'c0871d8e5284eff40e527f1bf70109d1') in 0.0240441 seconds
Number of updated asset objects reloaded before import = 0Number of asset objects unloaded after import = 20

========================================================================
Received Import Request.
  Time since last request: 0.000052 seconds.
  path: Assets/Toon Adventure Island/Models/TAI_Rock_Large_05A.fbx
  artifactKey: Guid(3c3f5a84b1cb97d438536b451e64819e) Importer(2089858483,b0f066a214c2f5e87bad3c948f4d605d)
Start importing Assets/Toon Adventure Island/Models/TAI_Rock_Large_05A.fbx using Guid(3c3f5a84b1cb97d438536b451e64819e) Importer(2089858483,b0f066a214c2f5e87bad3c948f4d605d) (ScriptedImporter) -> (artifact id: '57b417f352ee5fd8af6d7ab60cd565b4') in 0.0441037 seconds
Number of updated asset objects reloaded before import = 0Number of asset objects unloaded after import = 30

========================================================================
Received Import Request.
  Time since last request: 0.101451 seconds.
  path: Assets/Toon Adventure Island/Models/TAI_Cloth_01A.fbx
  artifactKey: Guid(a49e93a48f40f304b92ab4828c219351) Importer(2089858483,b0f066a214c2f5e87bad3c948f4d605d)
Start importing Assets/Toon Adventure Island/Models/TAI_Cloth_01A.fbx using Guid(a49e93a48f40f304b92ab4828c219351) Importer(2089858483,b0f066a214c2f5e87bad3c948f4d605d) (ScriptedImporter) -> (artifact id: 'ea3a2fc6d2ca784f934314de16092984') in 0.0217709 seconds
Number of updated asset objects reloaded before import = 0Number of asset objects unloaded after import = 22

========================================================================
Received Import Request.
  Time since last request: 0.000028 seconds.
  path: Assets/Toon Adventure Island/Prefabs/Weapons/TAI_Spear_02A.prefab
  artifactKey: Guid(e387823e66f27ca418a8f3fe45f2ae9f) Importer(2089858483,b0f066a214c2f5e87bad3c948f4d605d)
Start importing Assets/Toon Adventure Island/Prefabs/Weapons/TAI_Spear_02A.prefab using Guid(e387823e66f27ca418a8f3fe45f2ae9f) Importer(2089858483,b0f066a214c2f5e87bad3c948f4d605d) (ScriptedImporter) -> (artifact id: '5b71ccf3e5c61461f2a747236505451d') in 0.0223545 seconds
Number of updated asset objects reloaded before import = 0Number of asset objects unloaded after import = 16

========================================================================
Received Import Request.
  Time since last request: 0.000046 seconds.
  path: Assets/Toon Adventure Island/Prefabs/Vegetation/Plants/TAI_Plant_21A.prefab
  artifactKey: Guid(e1380b1b302450742949547d0d92f47e) Importer(2089858483,b0f066a214c2f5e87bad3c948f4d605d)
Start importing Assets/Toon Adventure Island/Prefabs/Vegetation/Plants/TAI_Plant_21A.prefab using Guid(e1380b1b302450742949547d0d92f47e) Importer(2089858483,b0f066a214c2f5e87bad3c948f4d605d) (ScriptedImporter) -> (artifact id: 'b5d192bf9be4336a70daac785ff7704e') in 0.0222531 seconds
Number of updated asset objects reloaded before import = 0Number of asset objects unloaded after import = 25

========================================================================
Received Import Request.
  Time since last request: 0.000044 seconds.
  path: Assets/Toon Adventure Island/Models/TAI_Small_Rock_04A.fbx
  artifactKey: Guid(6eba09f95c2e83f4d92d2e48b3c4308c) Importer(2089858483,b0f066a214c2f5e87bad3c948f4d605d)
Start importing Assets/Toon Adventure Island/Models/TAI_Small_Rock_04A.fbx using Guid(6eba09f95c2e83f4d92d2e48b3c4308c) Importer(2089858483,b0f066a214c2f5e87bad3c948f4d605d) (ScriptedImporter) -> (artifact id: 'e253f114a65b50a3eaadea66e7ac92a6') in 0.0253841 seconds
Number of updated asset objects reloaded before import = 0Number of asset objects unloaded after import = 20

========================================================================
Received Import Request.
  Time since last request: 0.000033 seconds.
  path: Assets/Toon Adventure Island/Models/TAI_Plant_04A.fbx
  artifactKey: Guid(5542f8e18709e81409ea13d2eb49499c) Importer(2089858483,b0f066a214c2f5e87bad3c948f4d605d)
Start importing Assets/Toon Adventure Island/Models/TAI_Plant_04A.fbx using Guid(5542f8e18709e81409ea13d2eb49499c) Importer(2089858483,b0f066a214c2f5e87bad3c948f4d605d) (ScriptedImporter) -> (artifact id: '56350f8904a2c76d1657dd6f98140519') in 0.0246557 seconds
Number of updated asset objects reloaded before import = 0Number of asset objects unloaded after import = 25

========================================================================
Received Import Request.
  Time since last request: 0.000036 seconds.
  path: Assets/Toon Adventure Island/Prefabs/Props/TAI_Metal_Cage_Damaged_01A.prefab
  artifactKey: Guid(f09494f04dadea94c9f555458db5f0c4) Importer(2089858483,b0f066a214c2f5e87bad3c948f4d605d)
Start importing Assets/Toon Adventure Island/Prefabs/Props/TAI_Metal_Cage_Damaged_01A.prefab using Guid(f09494f04dadea94c9f555458db5f0c4) Importer(2089858483,b0f066a214c2f5e87bad3c948f4d605d) (ScriptedImporter) -> (artifact id: 'a31f2b9b8bfff8464cfc41534ba9565e') in 0.0188513 seconds
Number of updated asset objects reloaded before import = 0Number of asset objects unloaded after import = 23

========================================================================
Received Import Request.
  Time since last request: 0.000041 seconds.
  path: Assets/Toon Adventure Island/Prefabs/Vegetation/Plants
  artifactKey: Guid(ee96ec350c2e4284ebb141d4f52c1e06) Importer(2089858483,b0f066a214c2f5e87bad3c948f4d605d)
Start importing Assets/Toon Adventure Island/Prefabs/Vegetation/Plants using Guid(ee96ec350c2e4284ebb141d4f52c1e06) Importer(2089858483,b0f066a214c2f5e87bad3c948f4d605d) (ScriptedImporter) -> (artifact id: '1ddf4f9c0059410aa77d2c60b077063b') in 0.0156501 seconds
Number of updated asset objects reloaded before import = 0Number of asset objects unloaded after import = 1

========================================================================
Received Import Request.
  Time since last request: 0.000037 seconds.
  path: Assets/Toon Adventure Island/Models/TAI_Whale_Skeleton_Spine_Front_01A.fbx
  artifactKey: Guid(efb51f7e35455794b826aa13daca0f29) Importer(2089858483,b0f066a214c2f5e87bad3c948f4d605d)
Start importing Assets/Toon Adventure Island/Models/TAI_Whale_Skeleton_Spine_Front_01A.fbx using Guid(efb51f7e35455794b826aa13daca0f29) Importer(2089858483,b0f066a214c2f5e87bad3c948f4d605d) (ScriptedImporter) -> (artifact id: 'e7f40f9d0ea9202067f27fe9e1d926bf') in 0.0312288 seconds
Number of updated asset objects reloaded before import = 0Number of asset objects unloaded after import = 32

========================================================================
Received Import Request.
  Time since last request: 0.268367 seconds.
  path: Assets/Toon Adventure Island/Prefabs/Vegetation/Plants/TAI_Vine_05B.prefab
  artifactKey: Guid(76375acbcc62e3b4c8570fdc686f7343) Importer(2089858483,b0f066a214c2f5e87bad3c948f4d605d)
Start importing Assets/Toon Adventure Island/Prefabs/Vegetation/Plants/TAI_Vine_05B.prefab using Guid(76375acbcc62e3b4c8570fdc686f7343) Importer(2089858483,b0f066a214c2f5e87bad3c948f4d605d) (ScriptedImporter) -> (artifact id: '4612ef2847bd32cb21640c741abdb278') in 0.0228936 seconds
Number of updated asset objects reloaded before import = 0Number of asset objects unloaded after import = 25

========================================================================
Received Import Request.
  Time since last request: 0.000043 seconds.
  path: Assets/Toon Adventure Island/Prefabs/Props
  artifactKey: Guid(04f5e65ec991e9a418c4fa5549b0a1c4) Importer(2089858483,b0f066a214c2f5e87bad3c948f4d605d)
Start importing Assets/Toon Adventure Island/Prefabs/Props using Guid(04f5e65ec991e9a418c4fa5549b0a1c4) Importer(2089858483,b0f066a214c2f5e87bad3c948f4d605d) (ScriptedImporter) -> (artifact id: 'c458160015d42ef6dd12a5aceac0871b') in 0.0178707 seconds
Number of updated asset objects reloaded before import = 0Number of asset objects unloaded after import = 1

========================================================================
Received Import Request.
  Time since last request: 0.000072 seconds.
  path: Assets/Toon Adventure Island/Prefabs/Nautical/TAI_Rope_03A.prefab
  artifactKey: Guid(e54711f0a98bc8546bc719c214fcad07) Importer(2089858483,b0f066a214c2f5e87bad3c948f4d605d)
Start importing Assets/Toon Adventure Island/Prefabs/Nautical/TAI_Rope_03A.prefab using Guid(e54711f0a98bc8546bc719c214fcad07) Importer(2089858483,b0f066a214c2f5e87bad3c948f4d605d) (ScriptedImporter) -> (artifact id: '7801585cce972da0ab3fd0e15cf99ee1') in 0.0247008 seconds
Number of updated asset objects reloaded before import = 0Number of asset objects unloaded after import = 20

========================================================================
Received Import Request.
  Time since last request: 0.000036 seconds.
  path: Assets/Toon Adventure Island/Prefabs/Props/TAI_Cloth_01A.prefab
  artifactKey: Guid(f574a438eb1d0504ab24974bbb30cd78) Importer(2089858483,b0f066a214c2f5e87bad3c948f4d605d)
Start importing Assets/Toon Adventure Island/Prefabs/Props/TAI_Cloth_01A.prefab using Guid(f574a438eb1d0504ab24974bbb30cd78) Importer(2089858483,b0f066a214c2f5e87bad3c948f4d605d) (ScriptedImporter) -> (artifact id: '863e76b82202af35af1551d4df0553b3') in 0.0211711 seconds
Number of updated asset objects reloaded before import = 0Number of asset objects unloaded after import = 20

========================================================================
Received Import Request.
  Time since last request: 0.000050 seconds.
  path: Assets/Toon Adventure Island/Prefabs/Vegetation/Plants/TAI_Plant_Leaves_02A.prefab
  artifactKey: Guid(38792955006258949821b7d3069337cc) Importer(2089858483,b0f066a214c2f5e87bad3c948f4d605d)
Start importing Assets/Toon Adventure Island/Prefabs/Vegetation/Plants/TAI_Plant_Leaves_02A.prefab using Guid(38792955006258949821b7d3069337cc) Importer(2089858483,b0f066a214c2f5e87bad3c948f4d605d) (ScriptedImporter) -> (artifact id: '8c4a769e126d1d724482e49b89587778') in 0.0199434 seconds
Number of updated asset objects reloaded before import = 0Number of asset objects unloaded after import = 20

========================================================================
Received Import Request.
  Time since last request: 0.000045 seconds.
  path: Assets/Toon Adventure Island/Prefabs/Vegetation/Plants/TAI_Plant_14A.prefab
  artifactKey: Guid(2f903a84115b99a4496e09778554effb) Importer(2089858483,b0f066a214c2f5e87bad3c948f4d605d)
Start importing Assets/Toon Adventure Island/Prefabs/Vegetation/Plants/TAI_Plant_14A.prefab using Guid(2f903a84115b99a4496e09778554effb) Importer(2089858483,b0f066a214c2f5e87bad3c948f4d605d) (ScriptedImporter) -> (artifact id: '152d08e8a6c1662613285170a57a3df3') in 0.0244618 seconds
Number of updated asset objects reloaded before import = 0Number of asset objects unloaded after import = 26

========================================================================
Received Import Request.
  Time since last request: 0.000071 seconds.
  path: Assets/Toon Adventure Island/Models/TAI_Shipwreck_01B_Module_1.fbx
  artifactKey: Guid(2929a409b4ce01a47b0b39bf88fa6f88) Importer(2089858483,b0f066a214c2f5e87bad3c948f4d605d)
Start importing Assets/Toon Adventure Island/Models/TAI_Shipwreck_01B_Module_1.fbx using Guid(2929a409b4ce01a47b0b39bf88fa6f88) Importer(2089858483,b0f066a214c2f5e87bad3c948f4d605d) (ScriptedImporter) -> (artifact id: 'd8e6cf31ba420f51abe854cd95bde27b') in 0.0319968 seconds
Number of updated asset objects reloaded before import = 0Number of asset objects unloaded after import = 30

========================================================================
Received Import Request.
  Time since last request: 0.000042 seconds.
  path: Assets/Toon Adventure Island/Prefabs/Props/TAI_Wood_Barrel_Open_01A.prefab
  artifactKey: Guid(658ab985a7c1d49458cf5ccdaf2d1b26) Importer(2089858483,b0f066a214c2f5e87bad3c948f4d605d)
Start importing Assets/Toon Adventure Island/Prefabs/Props/TAI_Wood_Barrel_Open_01A.prefab using Guid(658ab985a7c1d49458cf5ccdaf2d1b26) Importer(2089858483,b0f066a214c2f5e87bad3c948f4d605d) (ScriptedImporter) -> (artifact id: '29353482fc810a17f1d95904b4905d1d') in 0.0239866 seconds
Number of updated asset objects reloaded before import = 0Number of asset objects unloaded after import = 33

========================================================================
Received Import Request.
  Time since last request: 0.053174 seconds.
  path: Assets/Toon Adventure Island/Prefabs/Weapons/TAI_Axe_01A.prefab
  artifactKey: Guid(50e4695be35acbd46925d4babb0d1992) Importer(2089858483,b0f066a214c2f5e87bad3c948f4d605d)
Start importing Assets/Toon Adventure Island/Prefabs/Weapons/TAI_Axe_01A.prefab using Guid(50e4695be35acbd46925d4babb0d1992) Importer(2089858483,b0f066a214c2f5e87bad3c948f4d605d) (ScriptedImporter) -> (artifact id: '4f51c69a5a8b8451077b18180f01b11c') in 0.0228091 seconds
Number of updated asset objects reloaded before import = 0Number of asset objects unloaded after import = 22

========================================================================
Received Import Request.
  Time since last request: 0.000078 seconds.
  path: Assets/Toon Adventure Island/Prefabs/Vegetation/Plants/TAI_Vine_09B.prefab
  artifactKey: Guid(dec3c9d395e95b040b84d8a19d59241b) Importer(2089858483,b0f066a214c2f5e87bad3c948f4d605d)
Start importing Assets/Toon Adventure Island/Prefabs/Vegetation/Plants/TAI_Vine_09B.prefab using Guid(dec3c9d395e95b040b84d8a19d59241b) Importer(2089858483,b0f066a214c2f5e87bad3c948f4d605d) (ScriptedImporter) -> (artifact id: '11719ac1040eb2d69c89e84de6fe2a79') in 0.0285225 seconds
Number of updated asset objects reloaded before import = 0Number of asset objects unloaded after import = 25

========================================================================
Received Import Request.
  Time since last request: 0.000052 seconds.
  path: Assets/Toon Adventure Island/Models/TAI_Plant_13A.fbx
  artifactKey: Guid(70f03fe4da451094c9e2b906db3e717a) Importer(2089858483,b0f066a214c2f5e87bad3c948f4d605d)
Start importing Assets/Toon Adventure Island/Models/TAI_Plant_13A.fbx using Guid(70f03fe4da451094c9e2b906db3e717a) Importer(2089858483,b0f066a214c2f5e87bad3c948f4d605d) (ScriptedImporter) -> (artifact id: 'f386f4099a936537d97d17f7ba572565') in 0.0276564 seconds
Number of updated asset objects reloaded before import = 0Number of asset objects unloaded after import = 25

========================================================================
Received Import Request.
  Time since last request: 0.000067 seconds.
  path: Assets/Toon Adventure Island/Models/Materials
  artifactKey: Guid(659120e059fbf054992c8f105596fd7c) Importer(2089858483,b0f066a214c2f5e87bad3c948f4d605d)
Start importing Assets/Toon Adventure Island/Models/Materials using Guid(659120e059fbf054992c8f105596fd7c) Importer(2089858483,b0f066a214c2f5e87bad3c948f4d605d) (ScriptedImporter) -> (artifact id: '5b54cffa085ab927af0b76d929d28372') in 0.0164004 seconds
Number of updated asset objects reloaded before import = 0Number of asset objects unloaded after import = 1

========================================================================
Received Import Request.
  Time since last request: 0.000035 seconds.
  path: Assets/Toon Adventure Island/Models/TAI_Vine_07B.fbx
  artifactKey: Guid(ea521b1eab5c8274b828860e9a18417e) Importer(2089858483,b0f066a214c2f5e87bad3c948f4d605d)
Start importing Assets/Toon Adventure Island/Models/TAI_Vine_07B.fbx using Guid(ea521b1eab5c8274b828860e9a18417e) Importer(2089858483,b0f066a214c2f5e87bad3c948f4d605d) (ScriptedImporter) -> (artifact id: 'cf12e3a8b902b6a608003075981a860f') in 0.0368689 seconds
Number of updated asset objects reloaded before import = 0Number of asset objects unloaded after import = 25

========================================================================
Received Import Request.
  Time since last request: 0.000046 seconds.
  path: Assets/Toon Adventure Island/Models/TAI_Stone_Pillar_02A.fbx
  artifactKey: Guid(58e7b3bbd014c254ca7b1d2ee88b7af0) Importer(2089858483,b0f066a214c2f5e87bad3c948f4d605d)
Start importing Assets/Toon Adventure Island/Models/TAI_Stone_Pillar_02A.fbx using Guid(58e7b3bbd014c254ca7b1d2ee88b7af0) Importer(2089858483,b0f066a214c2f5e87bad3c948f4d605d) (ScriptedImporter) -> (artifact id: '0a1307dd99a689eca2785bae2f324334') in 0.0333895 seconds
Number of updated asset objects reloaded before import = 0Number of asset objects unloaded after import = 25

========================================================================
Received Import Request.
  Time since last request: 0.000049 seconds.
  path: Assets/Toon Adventure Island/Documentation/Documentation - TOON Adventure Island.pdf
  artifactKey: Guid(524b6ba267a28ba4c98a7a15bb89ee34) Importer(2089858483,b0f066a214c2f5e87bad3c948f4d605d)
Start importing Assets/Toon Adventure Island/Documentation/Documentation - TOON Adventure Island.pdf using Guid(524b6ba267a28ba4c98a7a15bb89ee34) Importer(2089858483,b0f066a214c2f5e87bad3c948f4d605d) (ScriptedImporter) -> (artifact id: 'bf8f0a4c2311d29084a52be380fb6b84') in 0.0159052 seconds
Number of updated asset objects reloaded before import = 0Number of asset objects unloaded after import = 1

========================================================================
Received Import Request.
  Time since last request: 0.000045 seconds.
  path: Assets/Toon Adventure Island/Prefabs/Vegetation/Plants/TAI_Vine_09A.prefab
  artifactKey: Guid(539284124ab661748b55fb4a89d941c2) Importer(2089858483,b0f066a214c2f5e87bad3c948f4d605d)
Start importing Assets/Toon Adventure Island/Prefabs/Vegetation/Plants/TAI_Vine_09A.prefab using Guid(539284124ab661748b55fb4a89d941c2) Importer(2089858483,b0f066a214c2f5e87bad3c948f4d605d) (ScriptedImporter) -> (artifact id: '917fb944c84bae2a6d63b6c4c665dcd7') in 0.0209361 seconds
Number of updated asset objects reloaded before import = 0Number of asset objects unloaded after import = 25

========================================================================
Received Import Request.
  Time since last request: 0.030385 seconds.
  path: Assets/Toon Adventure Island/Models/TAI_Vine_09A.fbx
  artifactKey: Guid(9fc83cca9ea76254c96f70de2ac5c70f) Importer(2089858483,b0f066a214c2f5e87bad3c948f4d605d)
Start importing Assets/Toon Adventure Island/Models/TAI_Vine_09A.fbx using Guid(9fc83cca9ea76254c96f70de2ac5c70f) Importer(2089858483,b0f066a214c2f5e87bad3c948f4d605d) (ScriptedImporter) -> (artifact id: '1ee4a0f7c2d25000b19385b57a158675') in 0.0282158 seconds
Number of updated asset objects reloaded before import = 0Number of asset objects unloaded after import = 25

========================================================================
Received Import Request.
  Time since last request: 0.000055 seconds.
  path: Assets/Toon Adventure Island/Textures/TAI_Noise_01.png
  artifactKey: Guid(55209e36f432dbf4ea6bfc236acdd2ab) Importer(2089858483,b0f066a214c2f5e87bad3c948f4d605d)
Start importing Assets/Toon Adventure Island/Textures/TAI_Noise_01.png using Guid(55209e36f432dbf4ea6bfc236acdd2ab) Importer(2089858483,b0f066a214c2f5e87bad3c948f4d605d) (ScriptedImporter) -> (artifact id: 'de3aaf8fcbe34a48aae50d371656e459') in 0.0368077 seconds
Number of updated asset objects reloaded before import = 0Number of asset objects unloaded after import = 1

========================================================================
Received Import Request.
  Time since last request: 0.000050 seconds.
  path: Assets/Toon Adventure Island/Prefabs/Vegetation/Trees/TAI_Palm_Trunk_02A.prefab
  artifactKey: Guid(1ee1fa4d0286c7244a79765e1706710b) Importer(2089858483,b0f066a214c2f5e87bad3c948f4d605d)
Start importing Assets/Toon Adventure Island/Prefabs/Vegetation/Trees/TAI_Palm_Trunk_02A.prefab using Guid(1ee1fa4d0286c7244a79765e1706710b) Importer(2089858483,b0f066a214c2f5e87bad3c948f4d605d) (ScriptedImporter) -> (artifact id: '0f67ad4e2eb9aa26019dd340c8834281') in 0.0227981 seconds
Number of updated asset objects reloaded before import = 0Number of asset objects unloaded after import = 21

========================================================================
Received Import Request.
  Time since last request: 0.000061 seconds.
  path: Assets/Toon Adventure Island/Prefabs/Animals/TAI_StarFish_01C.prefab
  artifactKey: Guid(71393154488e1ab4cad039772d281914) Importer(2089858483,b0f066a214c2f5e87bad3c948f4d605d)
Start importing Assets/Toon Adventure Island/Prefabs/Animals/TAI_StarFish_01C.prefab using Guid(71393154488e1ab4cad039772d281914) Importer(2089858483,b0f066a214c2f5e87bad3c948f4d605d) (ScriptedImporter) -> (artifact id: 'e975c803509e0cb971dac7c06949cd53') in 0.0225115 seconds
Number of updated asset objects reloaded before import = 0Number of asset objects unloaded after import = 20

========================================================================
Received Import Request.
  Time since last request: 0.000044 seconds.
  path: Assets/Toon Adventure Island/Models/TAI_Tripod_01A.fbx
  artifactKey: Guid(e39daa8c70e23c643b14743fced17341) Importer(2089858483,b0f066a214c2f5e87bad3c948f4d605d)
Start importing Assets/Toon Adventure Island/Models/TAI_Tripod_01A.fbx using Guid(e39daa8c70e23c643b14743fced17341) Importer(2089858483,b0f066a214c2f5e87bad3c948f4d605d) (ScriptedImporter) -> (artifact id: 'f3d530563d2578c4f36ebf6473b92b4b') in 0.0340366 seconds
Number of updated asset objects reloaded before import = 0Number of asset objects unloaded after import = 20

========================================================================
Received Import Request.
  Time since last request: 0.000045 seconds.
  path: Assets/Toon Adventure Island/Animations/TAI_Fish_01_Swimming_Regular.controller
  artifactKey: Guid(a59b410dc36b5db43937da14ff1306d3) Importer(2089858483,b0f066a214c2f5e87bad3c948f4d605d)
Start importing Assets/Toon Adventure Island/Animations/TAI_Fish_01_Swimming_Regular.controller using Guid(a59b410dc36b5db43937da14ff1306d3) Importer(2089858483,b0f066a214c2f5e87bad3c948f4d605d) (ScriptedImporter) -> (artifact id: '102a53ead227cfed798e8c5da430a242') in 0.0203314 seconds
Number of updated asset objects reloaded before import = 0Number of asset objects unloaded after import = 4

========================================================================
Received Import Request.
  Time since last request: 0.000101 seconds.
  path: Assets/Toon Adventure Island/Prefabs/Rocks/TAI_Rock_Medium_05B.prefab
  artifactKey: Guid(ca9f9f3c7901a3b4fb0db5a6da69d220) Importer(2089858483,b0f066a214c2f5e87bad3c948f4d605d)
Start importing Assets/Toon Adventure Island/Prefabs/Rocks/TAI_Rock_Medium_05B.prefab using Guid(ca9f9f3c7901a3b4fb0db5a6da69d220) Importer(2089858483,b0f066a214c2f5e87bad3c948f4d605d) (ScriptedImporter) -> (artifact id: '07686eb4c6252e2e82489eafef328afa') in 0.0263739 seconds
Number of updated asset objects reloaded before import = 0Number of asset objects unloaded after import = 28

========================================================================
Received Import Request.
  Time since last request: 0.000076 seconds.
  path: Assets/Toon Adventure Island/Prefabs/Rocks/TAI_Small_Rock_03A.prefab
  artifactKey: Guid(a5c902039d968f446871d7c0e361abda) Importer(2089858483,b0f066a214c2f5e87bad3c948f4d605d)
Start importing Assets/Toon Adventure Island/Prefabs/Rocks/TAI_Small_Rock_03A.prefab using Guid(a5c902039d968f446871d7c0e361abda) Importer(2089858483,b0f066a214c2f5e87bad3c948f4d605d) (ScriptedImporter) -> (artifact id: 'eb997c423c437361e25458ac2c9ccc00') in 0.0228926 seconds
Number of updated asset objects reloaded before import = 0Number of asset objects unloaded after import = 21

========================================================================
Received Import Request.
  Time since last request: 0.006489 seconds.
  path: Assets/Toon Adventure Island/Prefabs/Props/TAI_Metal_Cage_Door_Damaged_01A.prefab
  artifactKey: Guid(c01a0ac2e0cfa784a82b908964f9ef4e) Importer(2089858483,b0f066a214c2f5e87bad3c948f4d605d)
Start importing Assets/Toon Adventure Island/Prefabs/Props/TAI_Metal_Cage_Door_Damaged_01A.prefab using Guid(c01a0ac2e0cfa784a82b908964f9ef4e) Importer(2089858483,b0f066a214c2f5e87bad3c948f4d605d) (ScriptedImporter) -> (artifact id: '60a012a312f415111f6a5b480a56c1f8') in 0.0237552 seconds
Number of updated asset objects reloaded before import = 0Number of asset objects unloaded after import = 23

========================================================================
Received Import Request.
  Time since last request: 0.000077 seconds.
  path: Assets/Toon Adventure Island/Prefabs/Vegetation/Trees/TAI_Palm_Tree_06A_Broken.prefab
  artifactKey: Guid(5cd219654aeb5bc4d92138d89b0c4fca) Importer(2089858483,b0f066a214c2f5e87bad3c948f4d605d)
Start importing Assets/Toon Adventure Island/Prefabs/Vegetation/Trees/TAI_Palm_Tree_06A_Broken.prefab using Guid(5cd219654aeb5bc4d92138d89b0c4fca) Importer(2089858483,b0f066a214c2f5e87bad3c948f4d605d) (ScriptedImporter) -> (artifact id: '6daf0c01719faccb187a3113e462866e') in 0.0264821 seconds
Number of updated asset objects reloaded before import = 0Number of asset objects unloaded after import = 26

========================================================================
Received Import Request.
  Time since last request: 0.000094 seconds.
  path: Assets/Toon Adventure Island/Prefabs/Weapons
  artifactKey: Guid(41614fa8bb9ce0442b08dcd14abc4f1d) Importer(2089858483,b0f066a214c2f5e87bad3c948f4d605d)
Start importing Assets/Toon Adventure Island/Prefabs/Weapons using Guid(41614fa8bb9ce0442b08dcd14abc4f1d) Importer(2089858483,b0f066a214c2f5e87bad3c948f4d605d) (ScriptedImporter) -> (artifact id: '96fdbf413584e4977b690f24e77dd073') in 0.0175113 seconds
Number of updated asset objects reloaded before import = 0Number of asset objects unloaded after import = 1

========================================================================
Received Import Request.
  Time since last request: 0.000069 seconds.
  path: Assets/Toon Adventure Island/Prefabs/Weapons/TAI_Cannon_Barrel_01A.prefab
  artifactKey: Guid(ab50c989d94fd184a908e755d3e40d4e) Importer(2089858483,b0f066a214c2f5e87bad3c948f4d605d)
Start importing Assets/Toon Adventure Island/Prefabs/Weapons/TAI_Cannon_Barrel_01A.prefab using Guid(ab50c989d94fd184a908e755d3e40d4e) Importer(2089858483,b0f066a214c2f5e87bad3c948f4d605d) (ScriptedImporter) -> (artifact id: 'e98ee20392a28205584a0bd232bdfec6') in 0.0265575 seconds
Number of updated asset objects reloaded before import = 0Number of asset objects unloaded after import = 21

========================================================================
Received Import Request.
  Time since last request: 0.000054 seconds.
  path: Assets/Toon Adventure Island/Prefabs/Rocks/TAI_Rock_Medium_09B.prefab
  artifactKey: Guid(ce185e46eac593f45abf26c06056db91) Importer(2089858483,b0f066a214c2f5e87bad3c948f4d605d)
Start importing Assets/Toon Adventure Island/Prefabs/Rocks/TAI_Rock_Medium_09B.prefab using Guid(ce185e46eac593f45abf26c06056db91) Importer(2089858483,b0f066a214c2f5e87bad3c948f4d605d) (ScriptedImporter) -> (artifact id: 'a4a5d188b109db4de89065e5ef90c026') in 0.0272903 seconds
Number of updated asset objects reloaded before import = 0Number of asset objects unloaded after import = 28

========================================================================
Received Import Request.
  Time since last request: 0.000032 seconds.
  path: Assets/Toon Adventure Island/Models/TAI_Coconut_03A.fbx
  artifactKey: Guid(ab0010aee3c289349a8a82c46aa98fd7) Importer(2089858483,b0f066a214c2f5e87bad3c948f4d605d)
Start importing Assets/Toon Adventure Island/Models/TAI_Coconut_03A.fbx using Guid(ab0010aee3c289349a8a82c46aa98fd7) Importer(2089858483,b0f066a214c2f5e87bad3c948f4d605d) (ScriptedImporter) -> (artifact id: 'df98e87508fafcbc92df12d67b7dd16d') in 0.0194791 seconds
Number of updated asset objects reloaded before import = 0Number of asset objects unloaded after import = 15

========================================================================
Received Import Request.
  Time since last request: 0.000063 seconds.
  path: Assets/Toon Adventure Island/Prefabs/Treasure/TAI_Sack_01A.prefab
  artifactKey: Guid(66f7183290be600478f5649866acc5be) Importer(2089858483,b0f066a214c2f5e87bad3c948f4d605d)
Start importing Assets/Toon Adventure Island/Prefabs/Treasure/TAI_Sack_01A.prefab using Guid(66f7183290be600478f5649866acc5be) Importer(2089858483,b0f066a214c2f5e87bad3c948f4d605d) (ScriptedImporter) -> (artifact id: '9ea491960c05ccf3b2801df4d2b98070') in 0.0160904 seconds
Number of updated asset objects reloaded before import = 0Number of asset objects unloaded after import = 21

========================================================================
Received Import Request.
  Time since last request: 0.000058 seconds.
  path: Assets/Toon Adventure Island/Models/TAI_Pavement_Stones_01A.fbx
  artifactKey: Guid(bd4e9bf2151a7ba438e9172b40a445c7) Importer(2089858483,b0f066a214c2f5e87bad3c948f4d605d)
Start importing Assets/Toon Adventure Island/Models/TAI_Pavement_Stones_01A.fbx using Guid(bd4e9bf2151a7ba438e9172b40a445c7) Importer(2089858483,b0f066a214c2f5e87bad3c948f4d605d) (ScriptedImporter) -> (artifact id: '2c35c5250db961264661ad18475a7015') in 0.02155 seconds
Number of updated asset objects reloaded before import = 0Number of asset objects unloaded after import = 25

========================================================================
Received Import Request.
  Time since last request: 0.000028 seconds.
  path: Assets/Toon Adventure Island/Models/TAI_Tree_03A.fbx
  artifactKey: Guid(36a85883665bc3f4cabe4515928d7fe6) Importer(2089858483,b0f066a214c2f5e87bad3c948f4d605d)
Start importing Assets/Toon Adventure Island/Models/TAI_Tree_03A.fbx using Guid(36a85883665bc3f4cabe4515928d7fe6) Importer(2089858483,b0f066a214c2f5e87bad3c948f4d605d) (ScriptedImporter) -> (artifact id: '6a8370fe3261caeae84934c95107a947') in 0.0266623 seconds
Number of updated asset objects reloaded before import = 0Number of asset objects unloaded after import = 30

========================================================================
Received Import Request.
  Time since last request: 0.000079 seconds.
  path: Assets/Toon Adventure Island/Models/TAI_Rock_Medium_02A.fbx
  artifactKey: Guid(c4f2ebd9f429a764cb29465aa8bf5c2a) Importer(2089858483,b0f066a214c2f5e87bad3c948f4d605d)
Start importing Assets/Toon Adventure Island/Models/TAI_Rock_Medium_02A.fbx using Guid(c4f2ebd9f429a764cb29465aa8bf5c2a) Importer(2089858483,b0f066a214c2f5e87bad3c948f4d605d) (ScriptedImporter) -> (artifact id: 'e0eeaa425adaa9345b11d64a4835be32') in 0.0267035 seconds
Number of updated asset objects reloaded before import = 0Number of asset objects unloaded after import = 32

========================================================================
Received Import Request.
  Time since last request: 0.000051 seconds.
  path: Assets/Toon Adventure Island/Textures/TAI_Grass_Patch_03A.tga
  artifactKey: Guid(78e1b5760e52c0c429a5ded9b901ca92) Importer(2089858483,b0f066a214c2f5e87bad3c948f4d605d)
Start importing Assets/Toon Adventure Island/Textures/TAI_Grass_Patch_03A.tga using Guid(78e1b5760e52c0c429a5ded9b901ca92) Importer(2089858483,b0f066a214c2f5e87bad3c948f4d605d) (ScriptedImporter) -> (artifact id: 'e5f9a6cd32f9cb912d5fac2ad7778e25') in 0.0190432 seconds
Number of updated asset objects reloaded before import = 0Number of asset objects unloaded after import = 1

========================================================================
Received Import Request.
  Time since last request: 0.000050 seconds.
  path: Assets/Toon Adventure Island/Models/Materials/TAI_Grass_3B.mat
  artifactKey: Guid(652fdda5ef5965d44b42c45df0461de9) Importer(2089858483,b0f066a214c2f5e87bad3c948f4d605d)
Start importing Assets/Toon Adventure Island/Models/Materials/TAI_Grass_3B.mat using Guid(652fdda5ef5965d44b42c45df0461de9) Importer(2089858483,b0f066a214c2f5e87bad3c948f4d605d) (ScriptedImporter) -> (artifact id: '3e4820bd502e9b889de35eba63c0a890') in 0.0149785 seconds
Number of updated asset objects reloaded before import = 0Number of asset objects unloaded after import = 2

========================================================================
Received Import Request.
  Time since last request: 0.000058 seconds.
  path: Assets/Toon Adventure Island/Models/TAI_Palm_Log_01A.fbx
  artifactKey: Guid(b088144a19d1d6b449044a9a3409ef28) Importer(2089858483,b0f066a214c2f5e87bad3c948f4d605d)
Start importing Assets/Toon Adventure Island/Models/TAI_Palm_Log_01A.fbx using Guid(b088144a19d1d6b449044a9a3409ef28) Importer(2089858483,b0f066a214c2f5e87bad3c948f4d605d) (ScriptedImporter) -> (artifact id: '3f2332cb156d74ec137f9727116ac1a0') in 0.0234016 seconds
Number of updated asset objects reloaded before import = 0Number of asset objects unloaded after import = 20

========================================================================
Received Import Request.
  Time since last request: 0.000066 seconds.
  path: Assets/Toon Adventure Island/Prefabs/Rocks/TAI_Rock_Medium_12A.prefab
  artifactKey: Guid(2bff3e406c29a784283bcd52c13372d7) Importer(2089858483,b0f066a214c2f5e87bad3c948f4d605d)
Start importing Assets/Toon Adventure Island/Prefabs/Rocks/TAI_Rock_Medium_12A.prefab using Guid(2bff3e406c29a784283bcd52c13372d7) Importer(2089858483,b0f066a214c2f5e87bad3c948f4d605d) (ScriptedImporter) -> (artifact id: 'd400d3ec724bdcb1fd81cec888f72a7e') in 0.0211032 seconds
Number of updated asset objects reloaded before import = 0Number of asset objects unloaded after import = 28

========================================================================
Received Import Request.
  Time since last request: 0.000610 seconds.
  path: Assets/Toon Adventure Island/Models/TAI_Cliff_03A.fbx
  artifactKey: Guid(a84e1cf4ff668f1428153b1b445ac5a0) Importer(2089858483,b0f066a214c2f5e87bad3c948f4d605d)
Start importing Assets/Toon Adventure Island/Models/TAI_Cliff_03A.fbx using Guid(a84e1cf4ff668f1428153b1b445ac5a0) Importer(2089858483,b0f066a214c2f5e87bad3c948f4d605d) (ScriptedImporter) -> (artifact id: '0c8b211d5009db895d3e3da3217bdb70') in 0.0338201 seconds
Number of updated asset objects reloaded before import = 0Number of asset objects unloaded after import = 35

========================================================================
Received Import Request.
  Time since last request: 0.000092 seconds.
  path: Assets/Toon Adventure Island/Prefabs/Vegetation/Plants/TAI_Vine_08A.prefab
  artifactKey: Guid(4d947b3770978fe4880e0c8908cad960) Importer(2089858483,b0f066a214c2f5e87bad3c948f4d605d)
Start importing Assets/Toon Adventure Island/Prefabs/Vegetation/Plants/TAI_Vine_08A.prefab using Guid(4d947b3770978fe4880e0c8908cad960) Importer(2089858483,b0f066a214c2f5e87bad3c948f4d605d) (ScriptedImporter) -> (artifact id: '2cadd591b2a8b96c4a3980c80c2fbdc2') in 0.0235436 seconds
Number of updated asset objects reloaded before import = 0Number of asset objects unloaded after import = 25

========================================================================
Received Import Request.
  Time since last request: 0.000049 seconds.
  path: Assets/Toon Adventure Island/Prefabs/Nautical/TAI_Rope_01A.prefab
  artifactKey: Guid(ab1b3bd3f9082014abddd9e88644316e) Importer(2089858483,b0f066a214c2f5e87bad3c948f4d605d)
Start importing Assets/Toon Adventure Island/Prefabs/Nautical/TAI_Rope_01A.prefab using Guid(ab1b3bd3f9082014abddd9e88644316e) Importer(2089858483,b0f066a214c2f5e87bad3c948f4d605d) (ScriptedImporter) -> (artifact id: 'd69fed13c9a0f8aa8d0a0210c33a57b5') in 0.0295538 seconds
Number of updated asset objects reloaded before import = 0Number of asset objects unloaded after import = 20

========================================================================
Received Import Request.
  Time since last request: 0.000038 seconds.
  path: Assets/Toon Adventure Island/Models/TAI_Cloth_04A.fbx
  artifactKey: Guid(6b67f02acc7f21c4f980f8a196294209) Importer(2089858483,b0f066a214c2f5e87bad3c948f4d605d)
Start importing Assets/Toon Adventure Island/Models/TAI_Cloth_04A.fbx using Guid(6b67f02acc7f21c4f980f8a196294209) Importer(2089858483,b0f066a214c2f5e87bad3c948f4d605d) (ScriptedImporter) -> (artifact id: 'a06d9a374b3f28aae29c92efcee2165f') in 0.039747 seconds
Number of updated asset objects reloaded before import = 0Number of asset objects unloaded after import = 15

========================================================================
Received Import Request.
  Time since last request: 0.000056 seconds.
  path: Assets/Toon Adventure Island/Models/Materials/TAI_Grass_1B.mat
  artifactKey: Guid(8ec294a04a2a5ce4385f548c8e4eef27) Importer(2089858483,b0f066a214c2f5e87bad3c948f4d605d)
Start importing Assets/Toon Adventure Island/Models/Materials/TAI_Grass_1B.mat using Guid(8ec294a04a2a5ce4385f548c8e4eef27) Importer(2089858483,b0f066a214c2f5e87bad3c948f4d605d) (ScriptedImporter) -> (artifact id: 'a7d69f3a96419a1c39e8553a223e1c75') in 0.0289635 seconds
Number of updated asset objects reloaded before import = 0Number of asset objects unloaded after import = 2

========================================================================
Received Import Request.
  Time since last request: 0.000092 seconds.
  path: Assets/Toon Adventure Island/Prefabs/Rocks/TAI_Rock_Medium_07A.prefab
  artifactKey: Guid(a0c321fb243d5a9419096777f232c7d9) Importer(2089858483,b0f066a214c2f5e87bad3c948f4d605d)
Start importing Assets/Toon Adventure Island/Prefabs/Rocks/TAI_Rock_Medium_07A.prefab using Guid(a0c321fb243d5a9419096777f232c7d9) Importer(2089858483,b0f066a214c2f5e87bad3c948f4d605d) (ScriptedImporter) -> (artifact id: 'aae089f370bde06d17a64702d1b11531') in 0.0276539 seconds
Number of updated asset objects reloaded before import = 0Number of asset objects unloaded after import = 28

========================================================================
Received Import Request.
  Time since last request: 0.000063 seconds.
  path: Assets/Toon Adventure Island/Models/TAI_Rope_04A.fbx
  artifactKey: Guid(7ccc7e7c05470fc489d5dce4d882475e) Importer(2089858483,b0f066a214c2f5e87bad3c948f4d605d)
Start importing Assets/Toon Adventure Island/Models/TAI_Rope_04A.fbx using Guid(7ccc7e7c05470fc489d5dce4d882475e) Importer(2089858483,b0f066a214c2f5e87bad3c948f4d605d) (ScriptedImporter) -> (artifact id: '9c3ef165252417bb9cf33550bc148a24') in 0.0288069 seconds
Number of updated asset objects reloaded before import = 0Number of asset objects unloaded after import = 20

========================================================================
Received Import Request.
  Time since last request: 0.000032 seconds.
  path: Assets/Toon Adventure Island/Models/TAI_Cannon_02A.fbx
  artifactKey: Guid(9fb7770ed99f5e8418078b753e948b13) Importer(2089858483,b0f066a214c2f5e87bad3c948f4d605d)
Start importing Assets/Toon Adventure Island/Models/TAI_Cannon_02A.fbx using Guid(9fb7770ed99f5e8418078b753e948b13) Importer(2089858483,b0f066a214c2f5e87bad3c948f4d605d) (ScriptedImporter) -> (artifact id: '0b17351d68d5ad61dc93d5c75d65050c') in 0.0312505 seconds
Number of updated asset objects reloaded before import = 0Number of asset objects unloaded after import = 20

========================================================================
Received Import Request.
  Time since last request: 0.000066 seconds.
  path: Assets/Toon Adventure Island/Models/TAI_Boat_01A.fbx
  artifactKey: Guid(1d1c8148650cd224898826009476109f) Importer(2089858483,b0f066a214c2f5e87bad3c948f4d605d)
Start importing Assets/Toon Adventure Island/Models/TAI_Boat_01A.fbx using Guid(1d1c8148650cd224898826009476109f) Importer(2089858483,b0f066a214c2f5e87bad3c948f4d605d) (ScriptedImporter) -> (artifact id: '39889ab0bcb05ff6f5745eb800f312c8') in 0.0281565 seconds
Number of updated asset objects reloaded before import = 0Number of asset objects unloaded after import = 25

========================================================================
Received Import Request.
  Time since last request: 0.000053 seconds.
  path: Assets/Toon Adventure Island/Prefabs/Rocks/TAI_Cliff_01A.prefab
  artifactKey: Guid(4c4bf4a14b8e36145b1c80ac0c42402f) Importer(2089858483,b0f066a214c2f5e87bad3c948f4d605d)
Start importing Assets/Toon Adventure Island/Prefabs/Rocks/TAI_Cliff_01A.prefab using Guid(4c4bf4a14b8e36145b1c80ac0c42402f) Importer(2089858483,b0f066a214c2f5e87bad3c948f4d605d) (ScriptedImporter) -> (artifact id: 'c78f54778978c7f78c99fab793cbba42') in 0.024428 seconds
Number of updated asset objects reloaded before import = 0Number of asset objects unloaded after import = 33

========================================================================
Received Import Request.
  Time since last request: 0.000043 seconds.
  path: Assets/Toon Adventure Island/Prefabs/Vegetation/Plants/TAI_Rope_Vine_02B.prefab
  artifactKey: Guid(96b4648387953d24c8a681b4131b866d) Importer(2089858483,b0f066a214c2f5e87bad3c948f4d605d)
Start importing Assets/Toon Adventure Island/Prefabs/Vegetation/Plants/TAI_Rope_Vine_02B.prefab using Guid(96b4648387953d24c8a681b4131b866d) Importer(2089858483,b0f066a214c2f5e87bad3c948f4d605d) (ScriptedImporter) -> (artifact id: 'f7ac14d1388ef7b6822e3605bd3d66b7') in 0.0252765 seconds
Number of updated asset objects reloaded before import = 0Number of asset objects unloaded after import = 25

========================================================================
Received Import Request.
  Time since last request: 0.000033 seconds.
  path: Assets/Toon Adventure Island/Models/TAI_Plant_02A.fbx
  artifactKey: Guid(2c7d7e30f0f728544b32ddd31b1a4cdb) Importer(2089858483,b0f066a214c2f5e87bad3c948f4d605d)
Start importing Assets/Toon Adventure Island/Models/TAI_Plant_02A.fbx using Guid(2c7d7e30f0f728544b32ddd31b1a4cdb) Importer(2089858483,b0f066a214c2f5e87bad3c948f4d605d) (ScriptedImporter) -> (artifact id: 'a5ad77d316fa675f542c9da3850058fe') in 0.027896 seconds
Number of updated asset objects reloaded before import = 0Number of asset objects unloaded after import = 25

========================================================================
Received Import Request.
  Time since last request: 0.000040 seconds.
  path: Assets/Toon Adventure Island/Models/TAI_Shell_03B.fbx
  artifactKey: Guid(43029d42bff823b4c9cdaa9cf46dfc25) Importer(2089858483,b0f066a214c2f5e87bad3c948f4d605d)
Start importing Assets/Toon Adventure Island/Models/TAI_Shell_03B.fbx using Guid(43029d42bff823b4c9cdaa9cf46dfc25) Importer(2089858483,b0f066a214c2f5e87bad3c948f4d605d) (ScriptedImporter) -> (artifact id: 'cfce6bc52612f099ad63b337a2354e5b') in 0.0286954 seconds
Number of updated asset objects reloaded before import = 0Number of asset objects unloaded after import = 20

========================================================================
Received Import Request.
  Time since last request: 0.000079 seconds.
  path: Assets/Toon Adventure Island/Prefabs/Vegetation/Trees/TAI_Palm_Tree_04A.prefab
  artifactKey: Guid(c185eeb1f6e25294ea991125443d8ea0) Importer(2089858483,b0f066a214c2f5e87bad3c948f4d605d)
Start importing Assets/Toon Adventure Island/Prefabs/Vegetation/Trees/TAI_Palm_Tree_04A.prefab using Guid(c185eeb1f6e25294ea991125443d8ea0) Importer(2089858483,b0f066a214c2f5e87bad3c948f4d605d) (ScriptedImporter) -> (artifact id: 'a60806f118012e8da5b526ba1c2806dd') in 0.0251134 seconds
Number of updated asset objects reloaded before import = 0Number of asset objects unloaded after import = 28

========================================================================
Received Import Request.
  Time since last request: 0.000040 seconds.
  path: Assets/Toon Adventure Island/Models/TAI_Rock_Medium_11A.fbx
  artifactKey: Guid(3cfd4ea9a39651d4aaba1993490528e2) Importer(2089858483,b0f066a214c2f5e87bad3c948f4d605d)
Start importing Assets/Toon Adventure Island/Models/TAI_Rock_Medium_11A.fbx using Guid(3cfd4ea9a39651d4aaba1993490528e2) Importer(2089858483,b0f066a214c2f5e87bad3c948f4d605d) (ScriptedImporter) -> (artifact id: '6c0f8b933680e8afcedd54ddd2316ee4') in 0.0377045 seconds
Number of updated asset objects reloaded before import = 0Number of asset objects unloaded after import = 30

========================================================================
Received Import Request.
  Time since last request: 0.000051 seconds.
  path: Assets/Toon Adventure Island/Prefabs/Animals/TAI_Turtle_Shell_01A.prefab
  artifactKey: Guid(16f4be4fc7c9ab84b8a28012bd4d3692) Importer(2089858483,b0f066a214c2f5e87bad3c948f4d605d)
Start importing Assets/Toon Adventure Island/Prefabs/Animals/TAI_Turtle_Shell_01A.prefab using Guid(16f4be4fc7c9ab84b8a28012bd4d3692) Importer(2089858483,b0f066a214c2f5e87bad3c948f4d605d) (ScriptedImporter) -> (artifact id: '88ed0bfe3a1d92c9c6a619e7c9da395a') in 0.0238484 seconds
Number of updated asset objects reloaded before import = 0Number of asset objects unloaded after import = 15

========================================================================
Received Import Request.
  Time since last request: 0.000060 seconds.
  path: Assets/Toon Adventure Island/Prefabs/Props/TAI_Shelf_03A.prefab
  artifactKey: Guid(dab3b75da12f1844780786712a35430b) Importer(2089858483,b0f066a214c2f5e87bad3c948f4d605d)
Start importing Assets/Toon Adventure Island/Prefabs/Props/TAI_Shelf_03A.prefab using Guid(dab3b75da12f1844780786712a35430b) Importer(2089858483,b0f066a214c2f5e87bad3c948f4d605d) (ScriptedImporter) -> (artifact id: '1412d1399d9d9f2651f9fdaf7c8d6492') in 0.0272875 seconds
Number of updated asset objects reloaded before import = 0Number of asset objects unloaded after import = 26

========================================================================
Received Import Request.
  Time since last request: 0.000061 seconds.
  path: Assets/Toon Adventure Island/Scripts
  artifactKey: Guid(ba845e7ba99c8f045bba29900d2b2cf2) Importer(2089858483,b0f066a214c2f5e87bad3c948f4d605d)
Start importing Assets/Toon Adventure Island/Scripts using Guid(ba845e7ba99c8f045bba29900d2b2cf2) Importer(2089858483,b0f066a214c2f5e87bad3c948f4d605d) (ScriptedImporter) -> (artifact id: '461bee0bbf315441a73fbcbebaf6b7a3') in 0.0200612 seconds
Number of updated asset objects reloaded before import = 0Number of asset objects unloaded after import = 1

========================================================================
Received Import Request.
  Time since last request: 0.000035 seconds.
  path: Assets/Toon Adventure Island/Models/TAI_Bed_01B.fbx
  artifactKey: Guid(88fc75c9c91ed7346ba2fcf8f888ab31) Importer(2089858483,b0f066a214c2f5e87bad3c948f4d605d)
Start importing Assets/Toon Adventure Island/Models/TAI_Bed_01B.fbx using Guid(88fc75c9c91ed7346ba2fcf8f888ab31) Importer(2089858483,b0f066a214c2f5e87bad3c948f4d605d) (ScriptedImporter) -> (artifact id: '88ce309c6612512196f3a77be053df12') in 0.0286964 seconds
Number of updated asset objects reloaded before import = 0Number of asset objects unloaded after import = 15

========================================================================
Received Import Request.
  Time since last request: 0.000039 seconds.
  path: Assets/Toon Adventure Island/Prefabs/Nautical/TAI_Fishing_Net_02A.prefab
  artifactKey: Guid(7c34b2dbcbf12b748a2865334f837af9) Importer(2089858483,b0f066a214c2f5e87bad3c948f4d605d)
Start importing Assets/Toon Adventure Island/Prefabs/Nautical/TAI_Fishing_Net_02A.prefab using Guid(7c34b2dbcbf12b748a2865334f837af9) Importer(2089858483,b0f066a214c2f5e87bad3c948f4d605d) (ScriptedImporter) -> (artifact id: 'c0453cfd37942cb2318289c3c1f30263') in 0.0280192 seconds
Number of updated asset objects reloaded before import = 0Number of asset objects unloaded after import = 25

========================================================================
Received Import Request.
  Time since last request: 0.000087 seconds.
  path: Assets/Toon Adventure Island/Prefabs/Vegetation/Plants/TAI_Vine_08B.prefab
  artifactKey: Guid(c3a754cbc254c204c8e08ae38fc913ba) Importer(2089858483,b0f066a214c2f5e87bad3c948f4d605d)
Start importing Assets/Toon Adventure Island/Prefabs/Vegetation/Plants/TAI_Vine_08B.prefab using Guid(c3a754cbc254c204c8e08ae38fc913ba) Importer(2089858483,b0f066a214c2f5e87bad3c948f4d605d) (ScriptedImporter) -> (artifact id: 'ae25667a3ea5cbdb0bdc3e6586a76778') in 0.0248018 seconds
Number of updated asset objects reloaded before import = 0Number of asset objects unloaded after import = 25

========================================================================
Received Import Request.
  Time since last request: 0.000096 seconds.
  path: Assets/Toon Adventure Island/Models/TAI_Bone_Pile_03A.fbx
  artifactKey: Guid(0275ffc6c27746e42a1a843c6b4a4205) Importer(2089858483,b0f066a214c2f5e87bad3c948f4d605d)
Start importing Assets/Toon Adventure Island/Models/TAI_Bone_Pile_03A.fbx using Guid(0275ffc6c27746e42a1a843c6b4a4205) Importer(2089858483,b0f066a214c2f5e87bad3c948f4d605d) (ScriptedImporter) -> (artifact id: 'b5a081098e9bb847d996767751790faf') in 0.0324638 seconds
Number of updated asset objects reloaded before import = 0Number of asset objects unloaded after import = 15

========================================================================
Received Import Request.
  Time since last request: 0.000037 seconds.
  path: Assets/Toon Adventure Island/Prefabs/Props/TAI_Jug_01B.prefab
  artifactKey: Guid(0f04ecaeb9cc276448ed40a5351ff438) Importer(2089858483,b0f066a214c2f5e87bad3c948f4d605d)
Start importing Assets/Toon Adventure Island/Prefabs/Props/TAI_Jug_01B.prefab using Guid(0f04ecaeb9cc276448ed40a5351ff438) Importer(2089858483,b0f066a214c2f5e87bad3c948f4d605d) (ScriptedImporter) -> (artifact id: '154e63d130d9bc136a5bf02bdee6f060') in 0.0268184 seconds
Number of updated asset objects reloaded before import = 0Number of asset objects unloaded after import = 30

========================================================================
Received Import Request.
  Time since last request: 0.000053 seconds.
  path: Assets/Toon Adventure Island/Models/TAI_StarFish_01C.fbx
  artifactKey: Guid(7af32a2cb258b5f42a46417fcca1b82b) Importer(2089858483,b0f066a214c2f5e87bad3c948f4d605d)
Start importing Assets/Toon Adventure Island/Models/TAI_StarFish_01C.fbx using Guid(7af32a2cb258b5f42a46417fcca1b82b) Importer(2089858483,b0f066a214c2f5e87bad3c948f4d605d) (ScriptedImporter) -> (artifact id: '07db19b0e933e6f5e21160f4c83c4637') in 0.0309076 seconds
Number of updated asset objects reloaded before import = 0Number of asset objects unloaded after import = 20

========================================================================
Received Import Request.
  Time since last request: 0.000079 seconds.
  path: Assets/Toon Adventure Island/Prefabs/Rocks/TAI_Rock_Medium_04B.prefab
  artifactKey: Guid(3a68816565baf7f40bdb029c1b4f3e93) Importer(2089858483,b0f066a214c2f5e87bad3c948f4d605d)
Start importing Assets/Toon Adventure Island/Prefabs/Rocks/TAI_Rock_Medium_04B.prefab using Guid(3a68816565baf7f40bdb029c1b4f3e93) Importer(2089858483,b0f066a214c2f5e87bad3c948f4d605d) (ScriptedImporter) -> (artifact id: 'a43eed78f6819066a150afed6f46059e') in 0.0251808 seconds
Number of updated asset objects reloaded before import = 0Number of asset objects unloaded after import = 28

========================================================================
Received Import Request.
  Time since last request: 0.000049 seconds.
  path: Assets/Toon Adventure Island/Prefabs/Rocks/TAI_Rock_Large_05B.prefab
  artifactKey: Guid(f07dc3c83e8a75d47bfbac45794943c4) Importer(2089858483,b0f066a214c2f5e87bad3c948f4d605d)
Start importing Assets/Toon Adventure Island/Prefabs/Rocks/TAI_Rock_Large_05B.prefab using Guid(f07dc3c83e8a75d47bfbac45794943c4) Importer(2089858483,b0f066a214c2f5e87bad3c948f4d605d) (ScriptedImporter) -> (artifact id: 'c8959a7bc41d0816c6527f386eba8011') in 0.0274771 seconds
Number of updated asset objects reloaded before import = 0Number of asset objects unloaded after import = 28

========================================================================
Received Import Request.
  Time since last request: 0.000043 seconds.
  path: Assets/Toon Adventure Island/Models/TAI_Pavement_Stones_02A.fbx
  artifactKey: Guid(3bb752d61e00ce44eae5e7b3895d179a) Importer(2089858483,b0f066a214c2f5e87bad3c948f4d605d)
Start importing Assets/Toon Adventure Island/Models/TAI_Pavement_Stones_02A.fbx using Guid(3bb752d61e00ce44eae5e7b3895d179a) Importer(2089858483,b0f066a214c2f5e87bad3c948f4d605d) (ScriptedImporter) -> (artifact id: '3bedae3e9c6c9ad18786cc9be48ac203') in 0.029153 seconds
Number of updated asset objects reloaded before import = 0Number of asset objects unloaded after import = 30

========================================================================
Received Import Request.
  Time since last request: 0.000062 seconds.
  path: Assets/Toon Adventure Island/Prefabs/Props/TAI_Wooden_Bridge_01A_Module_1.prefab
  artifactKey: Guid(4d8fe4266ca744e4a9d898e60b24548a) Importer(2089858483,b0f066a214c2f5e87bad3c948f4d605d)
Start importing Assets/Toon Adventure Island/Prefabs/Props/TAI_Wooden_Bridge_01A_Module_1.prefab using Guid(4d8fe4266ca744e4a9d898e60b24548a) Importer(2089858483,b0f066a214c2f5e87bad3c948f4d605d) (ScriptedImporter) -> (artifact id: '20db41473e812d419a3ed056faebc0cb') in 0.0233758 seconds
Number of updated asset objects reloaded before import = 0Number of asset objects unloaded after import = 24

========================================================================
Received Import Request.
  Time since last request: 0.000043 seconds.
  path: Assets/Toon Adventure Island/Prefabs/Ruins/TAI_Stone_Steps_01A.prefab
  artifactKey: Guid(39ddd2fa86c5c2047ba915e8fe4b72a6) Importer(2089858483,b0f066a214c2f5e87bad3c948f4d605d)
Start importing Assets/Toon Adventure Island/Prefabs/Ruins/TAI_Stone_Steps_01A.prefab using Guid(39ddd2fa86c5c2047ba915e8fe4b72a6) Importer(2089858483,b0f066a214c2f5e87bad3c948f4d605d) (ScriptedImporter) -> (artifact id: 'e396e8d2c4c77b156c233fd3b199b094') in 0.0232556 seconds
Number of updated asset objects reloaded before import = 0Number of asset objects unloaded after import = 33

========================================================================
Received Import Request.
  Time since last request: 0.000061 seconds.
  path: Assets/Toon Adventure Island/Particles/TAI_Fireflies_01A.prefab
  artifactKey: Guid(8df3b5ce2274aa54a8b86a4503dcab2a) Importer(2089858483,b0f066a214c2f5e87bad3c948f4d605d)
Start importing Assets/Toon Adventure Island/Particles/TAI_Fireflies_01A.prefab using Guid(8df3b5ce2274aa54a8b86a4503dcab2a) Importer(2089858483,b0f066a214c2f5e87bad3c948f4d605d) (ScriptedImporter) -> (artifact id: 'e6ae5f5cc6280904a20c3b20ef46a4f8') in 0.1369304 seconds
Number of updated asset objects reloaded before import = 0Number of asset objects unloaded after import = 6

========================================================================
Received Import Request.
  Time since last request: 0.000047 seconds.
  path: Assets/Toon Adventure Island/Prefabs/Nautical/TAI_Rope_05A.prefab
  artifactKey: Guid(c161a1741bf54fa41b201859c310874d) Importer(2089858483,b0f066a214c2f5e87bad3c948f4d605d)
Start importing Assets/Toon Adventure Island/Prefabs/Nautical/TAI_Rope_05A.prefab using Guid(c161a1741bf54fa41b201859c310874d) Importer(2089858483,b0f066a214c2f5e87bad3c948f4d605d) (ScriptedImporter) -> (artifact id: '84e05be5ce194e215ccaff663e51bcb3') in 0.0208722 seconds
Number of updated asset objects reloaded before import = 0Number of asset objects unloaded after import = 15

========================================================================
Received Import Request.
  Time since last request: 0.000049 seconds.
  path: Assets/Toon Adventure Island/Prefabs/Animals/TAI_Shell_03A.prefab
  artifactKey: Guid(fd63dda1ad793d942bee9dc0ea2138e5) Importer(2089858483,b0f066a214c2f5e87bad3c948f4d605d)
Start importing Assets/Toon Adventure Island/Prefabs/Animals/TAI_Shell_03A.prefab using Guid(fd63dda1ad793d942bee9dc0ea2138e5) Importer(2089858483,b0f066a214c2f5e87bad3c948f4d605d) (ScriptedImporter) -> (artifact id: 'ac1663d2802401d4486905cfc93a9187') in 0.022949 seconds
Number of updated asset objects reloaded before import = 0Number of asset objects unloaded after import = 20

========================================================================
Received Import Request.
  Time since last request: 0.000127 seconds.
  path: Assets/Toon Adventure Island/Models/TAI_Wood_Bucket_02B.fbx
  artifactKey: Guid(fba729e530a4d1144b500196c9a62521) Importer(2089858483,b0f066a214c2f5e87bad3c948f4d605d)
Start importing Assets/Toon Adventure Island/Models/TAI_Wood_Bucket_02B.fbx using Guid(fba729e530a4d1144b500196c9a62521) Importer(2089858483,b0f066a214c2f5e87bad3c948f4d605d) (ScriptedImporter) -> (artifact id: '1f2b6f27b5ec919928a5461054045d30') in 0.0345292 seconds
Number of updated asset objects reloaded before import = 0Number of asset objects unloaded after import = 39

========================================================================
Received Import Request.
  Time since last request: 0.000046 seconds.
  path: Assets/Toon Adventure Island/Prefabs/Rocks/TAI_Rock_Medium_11A.prefab
  artifactKey: Guid(58eac257ba5d85340bc27f53f03f8dd1) Importer(2089858483,b0f066a214c2f5e87bad3c948f4d605d)
Start importing Assets/Toon Adventure Island/Prefabs/Rocks/TAI_Rock_Medium_11A.prefab using Guid(58eac257ba5d85340bc27f53f03f8dd1) Importer(2089858483,b0f066a214c2f5e87bad3c948f4d605d) (ScriptedImporter) -> (artifact id: 'c07625d28048558d3787dbdabe09f4da') in 0.0208632 seconds
Number of updated asset objects reloaded before import = 0Number of asset objects unloaded after import = 28

========================================================================
Received Import Request.
  Time since last request: 0.000053 seconds.
  path: Assets/Toon Adventure Island/Terrain/Layer_TAI_Terrain_Test.terrainlayer
  artifactKey: Guid(81d904d8eefb317438ab35b2a3e99446) Importer(2089858483,b0f066a214c2f5e87bad3c948f4d605d)
Start importing Assets/Toon Adventure Island/Terrain/Layer_TAI_Terrain_Test.terrainlayer using Guid(81d904d8eefb317438ab35b2a3e99446) Importer(2089858483,b0f066a214c2f5e87bad3c948f4d605d) (ScriptedImporter) -> (artifact id: '58176f74d558a6a17b83d5a297bf2b9a') in 0.0183523 seconds
Number of updated asset objects reloaded before import = 0Number of asset objects unloaded after import = 1

========================================================================
Received Import Request.
  Time since last request: 0.000044 seconds.
  path: Assets/Toon Adventure Island/Models/TAI_Bottle_02B.fbx
  artifactKey: Guid(78d7a3d2f9c5f064c815997a942b2ab3) Importer(2089858483,b0f066a214c2f5e87bad3c948f4d605d)
Start importing Assets/Toon Adventure Island/Models/TAI_Bottle_02B.fbx using Guid(78d7a3d2f9c5f064c815997a942b2ab3) Importer(2089858483,b0f066a214c2f5e87bad3c948f4d605d) (ScriptedImporter) -> (artifact id: 'f725ad2c035e698aac07c970e5ede144') in 0.0283004 seconds
Number of updated asset objects reloaded before import = 0Number of asset objects unloaded after import = 8

========================================================================
Received Import Request.
  Time since last request: 0.000057 seconds.
  path: Assets/Toon Adventure Island/Models/TAI_StarFish_01A.fbx
  artifactKey: Guid(491f693bab87fdf4cb9f2ae1fe8aab04) Importer(2089858483,b0f066a214c2f5e87bad3c948f4d605d)
Start importing Assets/Toon Adventure Island/Models/TAI_StarFish_01A.fbx using Guid(491f693bab87fdf4cb9f2ae1fe8aab04) Importer(2089858483,b0f066a214c2f5e87bad3c948f4d605d) (ScriptedImporter) -> (artifact id: '1859511b0389a779b6ccf50f17897bd4') in 0.0397531 seconds
Number of updated asset objects reloaded before import = 0Number of asset objects unloaded after import = 20

========================================================================
Received Import Request.
  Time since last request: 0.000034 seconds.
  path: Assets/Toon Adventure Island/Prefabs/Props/TAI_Book_01A.prefab
  artifactKey: Guid(87efd493d20d8304f85dd13ce5fac0ff) Importer(2089858483,b0f066a214c2f5e87bad3c948f4d605d)
Start importing Assets/Toon Adventure Island/Prefabs/Props/TAI_Book_01A.prefab using Guid(87efd493d20d8304f85dd13ce5fac0ff) Importer(2089858483,b0f066a214c2f5e87bad3c948f4d605d) (ScriptedImporter) -> (artifact id: 'd4a95595f3678d3df6068738c2936806') in 0.0244155 seconds
Number of updated asset objects reloaded before import = 0Number of asset objects unloaded after import = 21

========================================================================
Received Import Request.
  Time since last request: 0.000065 seconds.
  path: Assets/Toon Adventure Island/Models/TAI_Spear_03A.fbx
  artifactKey: Guid(4365ccb65557af844bd6ec36b3300bba) Importer(2089858483,b0f066a214c2f5e87bad3c948f4d605d)
Start importing Assets/Toon Adventure Island/Models/TAI_Spear_03A.fbx using Guid(4365ccb65557af844bd6ec36b3300bba) Importer(2089858483,b0f066a214c2f5e87bad3c948f4d605d) (ScriptedImporter) -> (artifact id: '79572a0069a5973df4bcc62f87204712') in 0.0244563 seconds
Number of updated asset objects reloaded before import = 0Number of asset objects unloaded after import = 15

========================================================================
Received Import Request.
  Time since last request: 0.000037 seconds.
  path: Assets/Toon Adventure Island/Prefabs/Vegetation/Trees/TAI_Bush_05A.prefab
  artifactKey: Guid(3c619c213e9043f4184673a090e1b93d) Importer(2089858483,b0f066a214c2f5e87bad3c948f4d605d)
Start importing Assets/Toon Adventure Island/Prefabs/Vegetation/Trees/TAI_Bush_05A.prefab using Guid(3c619c213e9043f4184673a090e1b93d) Importer(2089858483,b0f066a214c2f5e87bad3c948f4d605d) (ScriptedImporter) -> (artifact id: '126967b856c420cc8c3db34300162355') in 0.0218868 seconds
Number of updated asset objects reloaded before import = 0Number of asset objects unloaded after import = 26

========================================================================
Received Import Request.
  Time since last request: 0.000058 seconds.
  path: Assets/Toon Adventure Island/Prefabs/Vegetation/Trees/TAI_Palm_Log_01A.prefab
  artifactKey: Guid(407ed975420fcc840a54b19a759536bf) Importer(2089858483,b0f066a214c2f5e87bad3c948f4d605d)
Start importing Assets/Toon Adventure Island/Prefabs/Vegetation/Trees/TAI_Palm_Log_01A.prefab using Guid(407ed975420fcc840a54b19a759536bf) Importer(2089858483,b0f066a214c2f5e87bad3c948f4d605d) (ScriptedImporter) -> (artifact id: 'c816165a0915990b3eddeec84abe0989') in 0.0246806 seconds
Number of updated asset objects reloaded before import = 0Number of asset objects unloaded after import = 21

========================================================================
Received Import Request.
  Time since last request: 0.000064 seconds.
  path: Assets/Toon Adventure Island/Prefabs/Vegetation/Trees/TAI_Palm_Tree_03B.prefab
  artifactKey: Guid(33edfe7fba6ccc44f84e25db86e3683c) Importer(2089858483,b0f066a214c2f5e87bad3c948f4d605d)
Start importing Assets/Toon Adventure Island/Prefabs/Vegetation/Trees/TAI_Palm_Tree_03B.prefab using Guid(33edfe7fba6ccc44f84e25db86e3683c) Importer(2089858483,b0f066a214c2f5e87bad3c948f4d605d) (ScriptedImporter) -> (artifact id: '977ae94e21151fad9b5603f9f386ccbf') in 0.0258889 seconds
Number of updated asset objects reloaded before import = 0Number of asset objects unloaded after import = 28

========================================================================
Received Import Request.
  Time since last request: 0.000030 seconds.
  path: Assets/Toon Adventure Island/Prefabs/Ruins/TAI_Flag_01A.prefab
  artifactKey: Guid(14395bfa715f36d43881cb81b9aca217) Importer(2089858483,b0f066a214c2f5e87bad3c948f4d605d)
Start importing Assets/Toon Adventure Island/Prefabs/Ruins/TAI_Flag_01A.prefab using Guid(14395bfa715f36d43881cb81b9aca217) Importer(2089858483,b0f066a214c2f5e87bad3c948f4d605d) (ScriptedImporter) -> (artifact id: 'b107f1079fdb817f4663ab5fdb67cee4') in 0.0200317 seconds
Number of updated asset objects reloaded before import = 0Number of asset objects unloaded after import = 22

========================================================================
Received Import Request.
  Time since last request: 0.000050 seconds.
  path: Assets/Toon Adventure Island/Prefabs/Rocks/TAI_Cliff_02A.prefab
  artifactKey: Guid(2df890b98c3fec146b6dcb03f2ef373f) Importer(2089858483,b0f066a214c2f5e87bad3c948f4d605d)
Start importing Assets/Toon Adventure Island/Prefabs/Rocks/TAI_Cliff_02A.prefab using Guid(2df890b98c3fec146b6dcb03f2ef373f) Importer(2089858483,b0f066a214c2f5e87bad3c948f4d605d) (ScriptedImporter) -> (artifact id: '440e7572ea4997b90440409ee301824a') in 0.0216369 seconds
Number of updated asset objects reloaded before import = 0Number of asset objects unloaded after import = 33

========================================================================
Received Import Request.
  Time since last request: 0.000079 seconds.
  path: Assets/Toon Adventure Island/Prefabs/Treasure/TAI_Treasure_Map_01A.prefab
  artifactKey: Guid(ae9fd472bfe148c44ae6cbdb072a4444) Importer(2089858483,b0f066a214c2f5e87bad3c948f4d605d)
Start importing Assets/Toon Adventure Island/Prefabs/Treasure/TAI_Treasure_Map_01A.prefab using Guid(ae9fd472bfe148c44ae6cbdb072a4444) Importer(2089858483,b0f066a214c2f5e87bad3c948f4d605d) (ScriptedImporter) -> (artifact id: 'b58d3705a56c08240fecacef8add4cf8') in 0.0238778 seconds
Number of updated asset objects reloaded before import = 0Number of asset objects unloaded after import = 15

========================================================================
Received Import Request.
  Time since last request: 0.000034 seconds.
  path: Assets/Toon Adventure Island/Prefabs/Weapons/TAI_Cannon_Wheel_01A.prefab
  artifactKey: Guid(089ffebd4122ceb4a833e0cb43785a2d) Importer(2089858483,b0f066a214c2f5e87bad3c948f4d605d)
Start importing Assets/Toon Adventure Island/Prefabs/Weapons/TAI_Cannon_Wheel_01A.prefab using Guid(089ffebd4122ceb4a833e0cb43785a2d) Importer(2089858483,b0f066a214c2f5e87bad3c948f4d605d) (ScriptedImporter) -> (artifact id: 'f424a9dbed33788207ce2dea1cfd9546') in 0.0234697 seconds
Number of updated asset objects reloaded before import = 0Number of asset objects unloaded after import = 21

========================================================================
Received Import Request.
  Time since last request: 0.000040 seconds.
  path: Assets/Toon Adventure Island/Prefabs/Props/TAI_Shelf_01A.prefab
  artifactKey: Guid(31541ad9b2946f8469c1adc6e1dd9b54) Importer(2089858483,b0f066a214c2f5e87bad3c948f4d605d)
Start importing Assets/Toon Adventure Island/Prefabs/Props/TAI_Shelf_01A.prefab using Guid(31541ad9b2946f8469c1adc6e1dd9b54) Importer(2089858483,b0f066a214c2f5e87bad3c948f4d605d) (ScriptedImporter) -> (artifact id: '97a48b117198977c26aa5fe8132c421d') in 0.0275347 seconds
Number of updated asset objects reloaded before import = 0Number of asset objects unloaded after import = 27

========================================================================
Received Import Request.
  Time since last request: 0.000050 seconds.
  path: Assets/Toon Adventure Island/Models/TAI_Palm_Tree_06A.fbx
  artifactKey: Guid(6e9ae23395e1d6d428db46336b521f7c) Importer(2089858483,b0f066a214c2f5e87bad3c948f4d605d)
Start importing Assets/Toon Adventure Island/Models/TAI_Palm_Tree_06A.fbx using Guid(6e9ae23395e1d6d428db46336b521f7c) Importer(2089858483,b0f066a214c2f5e87bad3c948f4d605d) (ScriptedImporter) -> (artifact id: 'fcebd8d131d156088f5726c561f7f792') in 0.0321452 seconds
Number of updated asset objects reloaded before import = 0Number of asset objects unloaded after import = 20

========================================================================
Received Import Request.
  Time since last request: 0.000074 seconds.
  path: Assets/Toon Adventure Island/Models/TAI_Cannon_Wheel_01A.fbx
  artifactKey: Guid(7c93afcf42334e640a72fe67a2712895) Importer(2089858483,b0f066a214c2f5e87bad3c948f4d605d)
Start importing Assets/Toon Adventure Island/Models/TAI_Cannon_Wheel_01A.fbx using Guid(7c93afcf42334e640a72fe67a2712895) Importer(2089858483,b0f066a214c2f5e87bad3c948f4d605d) (ScriptedImporter) -> (artifact id: 'f253eaffc64f19bfb86584bae7501cb3') in 0.0279162 seconds
Number of updated asset objects reloaded before import = 0Number of asset objects unloaded after import = 20

========================================================================
Received Import Request.
  Time since last request: 0.000077 seconds.
  path: Assets/Toon Adventure Island/Models/TAI_Rope_01A.fbx
  artifactKey: Guid(0411f3bef30c0954eb80476b61b906a1) Importer(2089858483,b0f066a214c2f5e87bad3c948f4d605d)
Start importing Assets/Toon Adventure Island/Models/TAI_Rope_01A.fbx using Guid(0411f3bef30c0954eb80476b61b906a1) Importer(2089858483,b0f066a214c2f5e87bad3c948f4d605d) (ScriptedImporter) -> (artifact id: '1aefc9ea62877650da543cc0f6bf88d4') in 0.0387119 seconds
Number of updated asset objects reloaded before import = 0Number of asset objects unloaded after import = 20

========================================================================
Received Import Request.
  Time since last request: 0.000069 seconds.
  path: Assets/Toon Adventure Island/Prefabs/Ruins/TAI_Wall_Ring_01A.prefab
  artifactKey: Guid(ab865290b9599e646b421f6afff3b6ee) Importer(2089858483,b0f066a214c2f5e87bad3c948f4d605d)
Start importing Assets/Toon Adventure Island/Prefabs/Ruins/TAI_Wall_Ring_01A.prefab using Guid(ab865290b9599e646b421f6afff3b6ee) Importer(2089858483,b0f066a214c2f5e87bad3c948f4d605d) (ScriptedImporter) -> (artifact id: '305342798bdf72d05bcc74f367759628') in 0.030784 seconds
Number of updated asset objects reloaded before import = 0Number of asset objects unloaded after import = 17

========================================================================
Received Import Request.
  Time since last request: 0.000060 seconds.
  path: Assets/Toon Adventure Island/Models/TAI_Rock_Medium_10A.fbx
  artifactKey: Guid(0940baf8c34c4ef48843249381c5520d) Importer(2089858483,b0f066a214c2f5e87bad3c948f4d605d)
Start importing Assets/Toon Adventure Island/Models/TAI_Rock_Medium_10A.fbx using Guid(0940baf8c34c4ef48843249381c5520d) Importer(2089858483,b0f066a214c2f5e87bad3c948f4d605d) (ScriptedImporter) -> (artifact id: '3defecd8de51c3f41b5c152b98029c4e') in 0.0420941 seconds
Number of updated asset objects reloaded before import = 0Number of asset objects unloaded after import = 30

========================================================================
Received Import Request.
  Time since last request: 0.000052 seconds.
  path: Assets/Toon Adventure Island/Prefabs/Vegetation/Plants/TAI_Plant_07A.prefab
  artifactKey: Guid(5cd20a3ad0b19ee4a8858af43e6f04de) Importer(2089858483,b0f066a214c2f5e87bad3c948f4d605d)
Start importing Assets/Toon Adventure Island/Prefabs/Vegetation/Plants/TAI_Plant_07A.prefab using Guid(5cd20a3ad0b19ee4a8858af43e6f04de) Importer(2089858483,b0f066a214c2f5e87bad3c948f4d605d) (ScriptedImporter) -> (artifact id: '72c7611befb5154900487bfdfaf4d40b') in 0.0268463 seconds
Number of updated asset objects reloaded before import = 0Number of asset objects unloaded after import = 26

========================================================================
Received Import Request.
  Time since last request: 0.000055 seconds.
  path: Assets/Toon Adventure Island/Prefabs/Props/TAI_Coconut_02A.prefab
  artifactKey: Guid(606068606eb488940a4ede28fcea1d93) Importer(2089858483,b0f066a214c2f5e87bad3c948f4d605d)
Start importing Assets/Toon Adventure Island/Prefabs/Props/TAI_Coconut_02A.prefab using Guid(606068606eb488940a4ede28fcea1d93) Importer(2089858483,b0f066a214c2f5e87bad3c948f4d605d) (ScriptedImporter) -> (artifact id: '9a1fda2f84e08933420a9d1f9e8c3837') in 0.0284185 seconds
Number of updated asset objects reloaded before import = 0Number of asset objects unloaded after import = 16

========================================================================
Received Import Request.
  Time since last request: 0.000099 seconds.
  path: Assets/Toon Adventure Island/Models/TAI_Chair_01A.fbx
  artifactKey: Guid(21720b8846ffb654e93c7ed34618f674) Importer(2089858483,b0f066a214c2f5e87bad3c948f4d605d)
Start importing Assets/Toon Adventure Island/Models/TAI_Chair_01A.fbx using Guid(21720b8846ffb654e93c7ed34618f674) Importer(2089858483,b0f066a214c2f5e87bad3c948f4d605d) (ScriptedImporter) -> (artifact id: '4926374113e6ae380246a48208920880') in 0.0338912 seconds
Number of updated asset objects reloaded before import = 0Number of asset objects unloaded after import = 20

========================================================================
Received Import Request.
  Time since last request: 0.000115 seconds.
  path: Assets/Toon Adventure Island/Prefabs/Props/TAI_Wood_Barrel_Damaged_01A.prefab
  artifactKey: Guid(be0732e0124a9ab4cb6ae0503dc4206d) Importer(2089858483,b0f066a214c2f5e87bad3c948f4d605d)
Start importing Assets/Toon Adventure Island/Prefabs/Props/TAI_Wood_Barrel_Damaged_01A.prefab using Guid(be0732e0124a9ab4cb6ae0503dc4206d) Importer(2089858483,b0f066a214c2f5e87bad3c948f4d605d) (ScriptedImporter) -> (artifact id: 'cdd0cb3a8a097a8d917310432f616ef8') in 0.0217342 seconds
Number of updated asset objects reloaded before import = 0Number of asset objects unloaded after import = 28

========================================================================
Received Import Request.
  Time since last request: 0.000027 seconds.
  path: Assets/Toon Adventure Island/Models/TAI_Rock_Medium_09A.fbx
  artifactKey: Guid(b81114302f1da4941acc7eb8ae8519eb) Importer(2089858483,b0f066a214c2f5e87bad3c948f4d605d)
Start importing Assets/Toon Adventure Island/Models/TAI_Rock_Medium_09A.fbx using Guid(b81114302f1da4941acc7eb8ae8519eb) Importer(2089858483,b0f066a214c2f5e87bad3c948f4d605d) (ScriptedImporter) -> (artifact id: 'e51a50142e1d796cdb22549757dcbae6') in 0.0268474 seconds
Number of updated asset objects reloaded before import = 0Number of asset objects unloaded after import = 30

========================================================================
Received Import Request.
  Time since last request: 0.000042 seconds.
  path: Assets/Toon Adventure Island/Models/TAI_Palm_Tree_02A.fbx
  artifactKey: Guid(29d997c6c626f69458d448f3cca4cae8) Importer(2089858483,b0f066a214c2f5e87bad3c948f4d605d)
Start importing Assets/Toon Adventure Island/Models/TAI_Palm_Tree_02A.fbx using Guid(29d997c6c626f69458d448f3cca4cae8) Importer(2089858483,b0f066a214c2f5e87bad3c948f4d605d) (ScriptedImporter) -> (artifact id: '75f8697bf08b9e43dab9144f60f9215a') in 0.024024 seconds
Number of updated asset objects reloaded before import = 0Number of asset objects unloaded after import = 32

========================================================================
Received Import Request.
  Time since last request: 0.000073 seconds.
  path: Assets/Toon Adventure Island/Models/TAI_Plant_22A.fbx
  artifactKey: Guid(af2c3a0e504ab3a42a58a55743357666) Importer(2089858483,b0f066a214c2f5e87bad3c948f4d605d)
Start importing Assets/Toon Adventure Island/Models/TAI_Plant_22A.fbx using Guid(af2c3a0e504ab3a42a58a55743357666) Importer(2089858483,b0f066a214c2f5e87bad3c948f4d605d) (ScriptedImporter) -> (artifact id: '8d0edd03e4a43e2eb56328a6dc80dc8f') in 0.0255536 seconds
Number of updated asset objects reloaded before import = 0Number of asset objects unloaded after import = 25

========================================================================
Received Import Request.
  Time since last request: 0.000040 seconds.
  path: Assets/Toon Adventure Island/Prefabs/Vegetation/Trees/TAI_Palm_Tree_01A.prefab
  artifactKey: Guid(f053abef340a50542bcc55bbd2810fc4) Importer(2089858483,b0f066a214c2f5e87bad3c948f4d605d)
Start importing Assets/Toon Adventure Island/Prefabs/Vegetation/Trees/TAI_Palm_Tree_01A.prefab using Guid(f053abef340a50542bcc55bbd2810fc4) Importer(2089858483,b0f066a214c2f5e87bad3c948f4d605d) (ScriptedImporter) -> (artifact id: 'b00c9b0a76f84e3531c47da8926d0774') in 0.0235497 seconds
Number of updated asset objects reloaded before import = 0Number of asset objects unloaded after import = 28

========================================================================
Received Import Request.
  Time since last request: 0.000096 seconds.
  path: Assets/Toon Adventure Island/Textures/TAI_Toon_Ramp_01C.png
  artifactKey: Guid(b690ce2bef515da44a8ae586ff966cd1) Importer(2089858483,b0f066a214c2f5e87bad3c948f4d605d)
Start importing Assets/Toon Adventure Island/Textures/TAI_Toon_Ramp_01C.png using Guid(b690ce2bef515da44a8ae586ff966cd1) Importer(2089858483,b0f066a214c2f5e87bad3c948f4d605d) (ScriptedImporter) -> (artifact id: '71c03d1ae20ee4239df8043acc5584e9') in 0.0250968 seconds
Number of updated asset objects reloaded before import = 0Number of asset objects unloaded after import = 1

========================================================================
Received Import Request.
  Time since last request: 0.000043 seconds.
  path: Assets/Toon Adventure Island/Prefabs/Props/TAI_Shelf_02A.prefab
  artifactKey: Guid(347f4192310958940a6baa42b7fbc6ae) Importer(2089858483,b0f066a214c2f5e87bad3c948f4d605d)
Start importing Assets/Toon Adventure Island/Prefabs/Props/TAI_Shelf_02A.prefab using Guid(347f4192310958940a6baa42b7fbc6ae) Importer(2089858483,b0f066a214c2f5e87bad3c948f4d605d) (ScriptedImporter) -> (artifact id: '5658bf6d639c5a600ed35c2b7aa99efb') in 0.0268083 seconds
Number of updated asset objects reloaded before import = 0Number of asset objects unloaded after import = 26

========================================================================
Received Import Request.
  Time since last request: 0.000053 seconds.
  path: Assets/Toon Adventure Island/Skybox/TAI_Skybox_01A/nx.png
  artifactKey: Guid(db799d908956e6447800327489e09a5a) Importer(2089858483,b0f066a214c2f5e87bad3c948f4d605d)
Start importing Assets/Toon Adventure Island/Skybox/TAI_Skybox_01A/nx.png using Guid(db799d908956e6447800327489e09a5a) Importer(2089858483,b0f066a214c2f5e87bad3c948f4d605d) (ScriptedImporter) -> (artifact id: 'd749101d63c0a1bfa92c6fbc60b4fc16') in 0.0261068 seconds
Number of updated asset objects reloaded before import = 0Number of asset objects unloaded after import = 1

========================================================================
Received Import Request.
  Time since last request: 0.000040 seconds.
  path: Assets/Toon Adventure Island/Prefabs/Ruins/TAI_Stone_Wall_Dust_01A.prefab
  artifactKey: Guid(49ff9a99325a4554ea9603d60a530c96) Importer(2089858483,b0f066a214c2f5e87bad3c948f4d605d)
Start importing Assets/Toon Adventure Island/Prefabs/Ruins/TAI_Stone_Wall_Dust_01A.prefab using Guid(49ff9a99325a4554ea9603d60a530c96) Importer(2089858483,b0f066a214c2f5e87bad3c948f4d605d) (ScriptedImporter) -> (artifact id: '1d5b62086c3c4899895c7178139faecb') in 0.0213074 seconds
Number of updated asset objects reloaded before import = 0Number of asset objects unloaded after import = 16

========================================================================
Received Import Request.
  Time since last request: 0.000043 seconds.
  path: Assets/Toon Adventure Island/Models/TAI_Rock_Large_03A.fbx
  artifactKey: Guid(6e14f58f4b2dc26429e3882b23278ae8) Importer(2089858483,b0f066a214c2f5e87bad3c948f4d605d)
Start importing Assets/Toon Adventure Island/Models/TAI_Rock_Large_03A.fbx using Guid(6e14f58f4b2dc26429e3882b23278ae8) Importer(2089858483,b0f066a214c2f5e87bad3c948f4d605d) (ScriptedImporter) -> (artifact id: '0d6487230f6ef54c946dda6cc0a854ab') in 0.0348815 seconds
Number of updated asset objects reloaded before import = 0Number of asset objects unloaded after import = 30

========================================================================
Received Import Request.
  Time since last request: 0.000039 seconds.
  path: Assets/Toon Adventure Island/Prefabs/Animals/TAI_Seagull_01B.prefab
  artifactKey: Guid(f489538a33a8e4d4294c005cb32b83ba) Importer(2089858483,b0f066a214c2f5e87bad3c948f4d605d)
Start importing Assets/Toon Adventure Island/Prefabs/Animals/TAI_Seagull_01B.prefab using Guid(f489538a33a8e4d4294c005cb32b83ba) Importer(2089858483,b0f066a214c2f5e87bad3c948f4d605d) (ScriptedImporter) -> (artifact id: 'f9503cbcadc0a09bbf7e0614cde7cee2') in 0.0290885 seconds
Number of updated asset objects reloaded before import = 0Number of asset objects unloaded after import = 85

========================================================================
Received Import Request.
  Time since last request: 0.000070 seconds.
  path: Assets/Toon Adventure Island/Skybox/TAI_Skybox_01A/TAI_Skybox_01A.mat
  artifactKey: Guid(e62bcaf58c0dcdc4c867faa16fe31ea2) Importer(2089858483,b0f066a214c2f5e87bad3c948f4d605d)
Start importing Assets/Toon Adventure Island/Skybox/TAI_Skybox_01A/TAI_Skybox_01A.mat using Guid(e62bcaf58c0dcdc4c867faa16fe31ea2) Importer(2089858483,b0f066a214c2f5e87bad3c948f4d605d) (ScriptedImporter) -> (artifact id: '56cb9fb2c4d44ff37df4ea474730d4de') in 0.0438877 seconds
Number of updated asset objects reloaded before import = 0Number of asset objects unloaded after import = 7

========================================================================
Received Import Request.
  Time since last request: 0.000035 seconds.
  path: Assets/Toon Adventure Island/Models/TAI_Stone_Slab_02A.fbx
  artifactKey: Guid(9f30aa486c222f9408b6f4d095ca852b) Importer(2089858483,b0f066a214c2f5e87bad3c948f4d605d)
Start importing Assets/Toon Adventure Island/Models/TAI_Stone_Slab_02A.fbx using Guid(9f30aa486c222f9408b6f4d095ca852b) Importer(2089858483,b0f066a214c2f5e87bad3c948f4d605d) (ScriptedImporter) -> (artifact id: 'cc569839a9248b01e8d15656079e284f') in 0.0355378 seconds
Number of updated asset objects reloaded before import = 0Number of asset objects unloaded after import = 30

========================================================================
Received Import Request.
  Time since last request: 0.000042 seconds.
  path: Assets/Toon Adventure Island/Models/TAI_Vine_06B.fbx
  artifactKey: Guid(2bc84660cff389b418af10b24183216b) Importer(2089858483,b0f066a214c2f5e87bad3c948f4d605d)
Start importing Assets/Toon Adventure Island/Models/TAI_Vine_06B.fbx using Guid(2bc84660cff389b418af10b24183216b) Importer(2089858483,b0f066a214c2f5e87bad3c948f4d605d) (ScriptedImporter) -> (artifact id: 'e7dde6fb249334ea61d17e656e58fbec') in 0.0313975 seconds
Number of updated asset objects reloaded before import = 0Number of asset objects unloaded after import = 25

========================================================================
Received Import Request.
  Time since last request: 0.000033 seconds.
  path: Assets/Toon Adventure Island/Models/TAI_Stone_Wall_01A.fbx
  artifactKey: Guid(399e62d8975542b49bfb8d2293935c99) Importer(2089858483,b0f066a214c2f5e87bad3c948f4d605d)
Start importing Assets/Toon Adventure Island/Models/TAI_Stone_Wall_01A.fbx using Guid(399e62d8975542b49bfb8d2293935c99) Importer(2089858483,b0f066a214c2f5e87bad3c948f4d605d) (ScriptedImporter) -> (artifact id: 'a519c2e89d35e3d9bd79d03062ed5747') in 0.0284019 seconds
Number of updated asset objects reloaded before import = 0Number of asset objects unloaded after import = 25

========================================================================
Received Import Request.
  Time since last request: 0.000100 seconds.
  path: Assets/Toon Adventure Island/Prefabs/Props/TAI_Wood_Crate_01B.prefab
  artifactKey: Guid(cb933631e73c3c24e945673aa820634c) Importer(2089858483,b0f066a214c2f5e87bad3c948f4d605d)
Start importing Assets/Toon Adventure Island/Prefabs/Props/TAI_Wood_Crate_01B.prefab using Guid(cb933631e73c3c24e945673aa820634c) Importer(2089858483,b0f066a214c2f5e87bad3c948f4d605d) (ScriptedImporter) -> (artifact id: '0a51082430433fdfcd854bfef0586ada') in 0.0220228 seconds
Number of updated asset objects reloaded before import = 0Number of asset objects unloaded after import = 26

========================================================================
Received Import Request.
  Time since last request: 0.000050 seconds.
  path: Assets/Toon Adventure Island/Prefabs/Animals/TAI_Shell_01B.prefab
  artifactKey: Guid(dc4f4f255e598ee4f9435ca28889871b) Importer(2089858483,b0f066a214c2f5e87bad3c948f4d605d)
Start importing Assets/Toon Adventure Island/Prefabs/Animals/TAI_Shell_01B.prefab using Guid(dc4f4f255e598ee4f9435ca28889871b) Importer(2089858483,b0f066a214c2f5e87bad3c948f4d605d) (ScriptedImporter) -> (artifact id: 'e69fc3da4e57393bbe319fa704ccbf41') in 0.020574 seconds
Number of updated asset objects reloaded before import = 0Number of asset objects unloaded after import = 20

========================================================================
Received Import Request.
  Time since last request: 0.000049 seconds.
  path: Assets/Toon Adventure Island/Prefabs/Props/TAI_Bone_Pile_01A.prefab
  artifactKey: Guid(37f22476a04aa2b4c87d799eb719e263) Importer(2089858483,b0f066a214c2f5e87bad3c948f4d605d)
Start importing Assets/Toon Adventure Island/Prefabs/Props/TAI_Bone_Pile_01A.prefab using Guid(37f22476a04aa2b4c87d799eb719e263) Importer(2089858483,b0f066a214c2f5e87bad3c948f4d605d) (ScriptedImporter) -> (artifact id: '06cecb10724ef6331b1833a3f15981e4') in 0.0227482 seconds
Number of updated asset objects reloaded before import = 0Number of asset objects unloaded after import = 23

========================================================================
Received Import Request.
  Time since last request: 0.000053 seconds.
  path: Assets/Toon Adventure Island/Prefabs/Ruins/TAI_Stone_Tower_Module_2_01A.prefab
  artifactKey: Guid(1f3c65068d6352841861594c3cf771ee) Importer(2089858483,b0f066a214c2f5e87bad3c948f4d605d)
Start importing Assets/Toon Adventure Island/Prefabs/Ruins/TAI_Stone_Tower_Module_2_01A.prefab using Guid(1f3c65068d6352841861594c3cf771ee) Importer(2089858483,b0f066a214c2f5e87bad3c948f4d605d) (ScriptedImporter) -> (artifact id: '63aa109d60a83f5b230718439259e4e8') in 0.0239499 seconds
Number of updated asset objects reloaded before import = 0Number of asset objects unloaded after import = 38

========================================================================
Received Import Request.
  Time since last request: 0.000052 seconds.
  path: Assets/Toon Adventure Island/Prefabs/Rocks/TAI_Rock_Large_09A.prefab
  artifactKey: Guid(687fcadb666cab04dae298e2bf4dd802) Importer(2089858483,b0f066a214c2f5e87bad3c948f4d605d)
Start importing Assets/Toon Adventure Island/Prefabs/Rocks/TAI_Rock_Large_09A.prefab using Guid(687fcadb666cab04dae298e2bf4dd802) Importer(2089858483,b0f066a214c2f5e87bad3c948f4d605d) (ScriptedImporter) -> (artifact id: '22000b98bf52d0f60f02fd6242db87cc') in 0.0209145 seconds
Number of updated asset objects reloaded before import = 0Number of asset objects unloaded after import = 28

========================================================================
Received Import Request.
  Time since last request: 0.000041 seconds.
  path: Assets/Toon Adventure Island/Prefabs/Ruins/TAI_Stone_Block_04A.prefab
  artifactKey: Guid(de0d97421217c1f44baede71c7b14ca8) Importer(2089858483,b0f066a214c2f5e87bad3c948f4d605d)
Start importing Assets/Toon Adventure Island/Prefabs/Ruins/TAI_Stone_Block_04A.prefab using Guid(de0d97421217c1f44baede71c7b14ca8) Importer(2089858483,b0f066a214c2f5e87bad3c948f4d605d) (ScriptedImporter) -> (artifact id: 'd615b921918847476a7f7ce4a9ebe80d') in 0.0219465 seconds
Number of updated asset objects reloaded before import = 0Number of asset objects unloaded after import = 21

========================================================================
Received Import Request.
  Time since last request: 0.000040 seconds.
  path: Assets/Toon Adventure Island/Models/TAI_Cliff_02B.fbx
  artifactKey: Guid(f9c405bff32bf154d816387505718746) Importer(2089858483,b0f066a214c2f5e87bad3c948f4d605d)
Start importing Assets/Toon Adventure Island/Models/TAI_Cliff_02B.fbx using Guid(f9c405bff32bf154d816387505718746) Importer(2089858483,b0f066a214c2f5e87bad3c948f4d605d) (ScriptedImporter) -> (artifact id: '879ad4ce5c7de26d86df8402de60d828') in 0.0303276 seconds
Number of updated asset objects reloaded before import = 0Number of asset objects unloaded after import = 35

========================================================================
Received Import Request.
  Time since last request: 0.000041 seconds.
  path: Assets/Toon Adventure Island/Terrain/TAI_Terrain_Sand_3A_N.tif
  artifactKey: Guid(d0ccb5ac01fd62c4caf256ab0043a3e7) Importer(2089858483,b0f066a214c2f5e87bad3c948f4d605d)
Start importing Assets/Toon Adventure Island/Terrain/TAI_Terrain_Sand_3A_N.tif using Guid(d0ccb5ac01fd62c4caf256ab0043a3e7) Importer(2089858483,b0f066a214c2f5e87bad3c948f4d605d) (ScriptedImporter) -> (artifact id: 'c3de1cc7955fe6e615fd0e4314a31393') in 0.0284673 seconds
Number of updated asset objects reloaded before import = 0Number of asset objects unloaded after import = 1

========================================================================
Received Import Request.
  Time since last request: 0.000063 seconds.
  path: Assets/Toon Adventure Island/Prefabs/Props/TAI_Wood_Crate_03A.prefab
  artifactKey: Guid(dbc70c9514944b349a283b50b20be4b3) Importer(2089858483,b0f066a214c2f5e87bad3c948f4d605d)
Start importing Assets/Toon Adventure Island/Prefabs/Props/TAI_Wood_Crate_03A.prefab using Guid(dbc70c9514944b349a283b50b20be4b3) Importer(2089858483,b0f066a214c2f5e87bad3c948f4d605d) (ScriptedImporter) -> (artifact id: 'ccd735822f4502f0e3a75c9d9a8bf33c') in 0.0253482 seconds
Number of updated asset objects reloaded before import = 0Number of asset objects unloaded after import = 31

========================================================================
Received Import Request.
  Time since last request: 0.000037 seconds.
  path: Assets/Toon Adventure Island/Prefabs/Rocks/TAI_Rock_Medium_01A.prefab
  artifactKey: Guid(4c0bb0bd2f1f6eb4e9f9bc4e2adb07ce) Importer(2089858483,b0f066a214c2f5e87bad3c948f4d605d)
Start importing Assets/Toon Adventure Island/Prefabs/Rocks/TAI_Rock_Medium_01A.prefab using Guid(4c0bb0bd2f1f6eb4e9f9bc4e2adb07ce) Importer(2089858483,b0f066a214c2f5e87bad3c948f4d605d) (ScriptedImporter) -> (artifact id: 'cc9370dd193967db65a28a71eaf15e16') in 0.0232517 seconds
Number of updated asset objects reloaded before import = 0Number of asset objects unloaded after import = 28

========================================================================
Received Import Request.
  Time since last request: 0.000029 seconds.
  path: Assets/Toon Adventure Island/Prefabs/Vegetation/Plants/TAI_Plant_20A.prefab
  artifactKey: Guid(c87dd994b7c713f4d8c349e4aca87ca6) Importer(2089858483,b0f066a214c2f5e87bad3c948f4d605d)
Start importing Assets/Toon Adventure Island/Prefabs/Vegetation/Plants/TAI_Plant_20A.prefab using Guid(c87dd994b7c713f4d8c349e4aca87ca6) Importer(2089858483,b0f066a214c2f5e87bad3c948f4d605d) (ScriptedImporter) -> (artifact id: 'd5be02e59adefc000657c9b0bad60648') in 0.0205961 seconds
Number of updated asset objects reloaded before import = 0Number of asset objects unloaded after import = 25

========================================================================
Received Import Request.
  Time since last request: 0.000042 seconds.
  path: Assets/Toon Adventure Island/Prefabs/Weapons/TAI_Sword_04B.prefab
  artifactKey: Guid(dc9d020f7c67f914faaee3f1acc6e026) Importer(2089858483,b0f066a214c2f5e87bad3c948f4d605d)
Start importing Assets/Toon Adventure Island/Prefabs/Weapons/TAI_Sword_04B.prefab using Guid(dc9d020f7c67f914faaee3f1acc6e026) Importer(2089858483,b0f066a214c2f5e87bad3c948f4d605d) (ScriptedImporter) -> (artifact id: '7eec5c3b131af536874509cb48453fe2') in 0.0188383 seconds
Number of updated asset objects reloaded before import = 0Number of asset objects unloaded after import = 16

========================================================================
Received Import Request.
  Time since last request: 0.000045 seconds.
  path: Assets/Toon Adventure Island/Prefabs/Rocks/TAI_Stone_Slab_02B.prefab
  artifactKey: Guid(ee5ddd7296c68944bb69f4abd7c71f8b) Importer(2089858483,b0f066a214c2f5e87bad3c948f4d605d)
Start importing Assets/Toon Adventure Island/Prefabs/Rocks/TAI_Stone_Slab_02B.prefab using Guid(ee5ddd7296c68944bb69f4abd7c71f8b) Importer(2089858483,b0f066a214c2f5e87bad3c948f4d605d) (ScriptedImporter) -> (artifact id: '02344cf4b41875548883dbbd1692b1ec') in 0.0206138 seconds
Number of updated asset objects reloaded before import = 0Number of asset objects unloaded after import = 28

========================================================================
Received Import Request.
  Time since last request: 0.000042 seconds.
  path: Assets/Toon Adventure Island/Models/TAI_Plant_01B.fbx
  artifactKey: Guid(7c68249f724d81c42aea56d5dc3d57cc) Importer(2089858483,b0f066a214c2f5e87bad3c948f4d605d)
Start importing Assets/Toon Adventure Island/Models/TAI_Plant_01B.fbx using Guid(7c68249f724d81c42aea56d5dc3d57cc) Importer(2089858483,b0f066a214c2f5e87bad3c948f4d605d) (ScriptedImporter) -> (artifact id: '5a3c2d6dd73b7bf9f874683b8a61f6a3') in 0.0250897 seconds
Number of updated asset objects reloaded before import = 0Number of asset objects unloaded after import = 25

========================================================================
Received Import Request.
  Time since last request: 0.000034 seconds.
  path: Assets/Toon Adventure Island/Models/TAI_Chalice_01A.fbx
  artifactKey: Guid(4ba264d5271ec58438db808532bd7f7e) Importer(2089858483,b0f066a214c2f5e87bad3c948f4d605d)
Start importing Assets/Toon Adventure Island/Models/TAI_Chalice_01A.fbx using Guid(4ba264d5271ec58438db808532bd7f7e) Importer(2089858483,b0f066a214c2f5e87bad3c948f4d605d) (ScriptedImporter) -> (artifact id: '18048461504f407c58c62797d559fbe8') in 0.0253494 seconds
Number of updated asset objects reloaded before import = 0Number of asset objects unloaded after import = 15

========================================================================
Received Import Request.
  Time since last request: 0.000045 seconds.
  path: Assets/Toon Adventure Island/Models/Materials/TAI_Fire_1B.mat
  artifactKey: Guid(7bce32181fccc1a48b91b275d786bd3b) Importer(2089858483,b0f066a214c2f5e87bad3c948f4d605d)
Start importing Assets/Toon Adventure Island/Models/Materials/TAI_Fire_1B.mat using Guid(7bce32181fccc1a48b91b275d786bd3b) Importer(2089858483,b0f066a214c2f5e87bad3c948f4d605d) (ScriptedImporter) -> (artifact id: 'c49571d61bd1d89e026dd4292ddd7c63') in 0.0245551 seconds
Number of updated asset objects reloaded before import = 0Number of asset objects unloaded after import = 2

========================================================================
Received Import Request.
  Time since last request: 0.000055 seconds.
  path: Assets/Toon Adventure Island/Terrain/TAI_Terrain_Sand_2A_D.tif
  artifactKey: Guid(8919144ab11703e4da6fcf727abc815f) Importer(2089858483,b0f066a214c2f5e87bad3c948f4d605d)
Start importing Assets/Toon Adventure Island/Terrain/TAI_Terrain_Sand_2A_D.tif using Guid(8919144ab11703e4da6fcf727abc815f) Importer(2089858483,b0f066a214c2f5e87bad3c948f4d605d) (ScriptedImporter) -> (artifact id: '820986ada7db9511a5e73f6849201b56') in 0.0290836 seconds
Number of updated asset objects reloaded before import = 0Number of asset objects unloaded after import = 1

========================================================================
Received Import Request.
  Time since last request: 0.000037 seconds.
  path: Assets/URP Settings/New Universal Render Pipeline Asset_Renderer.asset
  artifactKey: Guid(8a79d4608ac6c410198eb8adfb0d92a9) Importer(2089858483,b0f066a214c2f5e87bad3c948f4d605d)
Start importing Assets/URP Settings/New Universal Render Pipeline Asset_Renderer.asset using Guid(8a79d4608ac6c410198eb8adfb0d92a9) Importer(2089858483,b0f066a214c2f5e87bad3c948f4d605d) (ScriptedImporter) -> (artifact id: '0ca99b38cc7e1f244266498607c27e0c') in 0.0826623 seconds
Number of updated asset objects reloaded before import = 0Number of asset objects unloaded after import = 1

========================================================================
Received Import Request.
  Time since last request: 0.000296 seconds.
  path: Assets/Toon Adventure Island/Prefabs/Ruins/TAI_Pavement_Stones_Dust_01A.prefab
  artifactKey: Guid(01f4f748aecf4d54ea2d447f630c2218) Importer(2089858483,b0f066a214c2f5e87bad3c948f4d605d)
Start importing Assets/Toon Adventure Island/Prefabs/Ruins/TAI_Pavement_Stones_Dust_01A.prefab using Guid(01f4f748aecf4d54ea2d447f630c2218) Importer(2089858483,b0f066a214c2f5e87bad3c948f4d605d) (ScriptedImporter) -> (artifact id: '5cec94131fb4de96fbe5b161a3540413') in 0.0182349 seconds
Number of updated asset objects reloaded before import = 0Number of asset objects unloaded after import = 16

========================================================================
Received Import Request.
  Time since last request: 0.000041 seconds.
  path: Assets/Toon Adventure Island/Prefabs/Ruins/TAI_Wall_Support_01A.prefab
  artifactKey: Guid(05971a06199b64d47a778228eedf7108) Importer(2089858483,b0f066a214c2f5e87bad3c948f4d605d)
Start importing Assets/Toon Adventure Island/Prefabs/Ruins/TAI_Wall_Support_01A.prefab using Guid(05971a06199b64d47a778228eedf7108) Importer(2089858483,b0f066a214c2f5e87bad3c948f4d605d) (ScriptedImporter) -> (artifact id: '37edb882c663fd63eb70e748427a21bf') in 0.0235765 seconds
Number of updated asset objects reloaded before import = 0Number of asset objects unloaded after import = 10

========================================================================
Received Import Request.
  Time since last request: 0.000064 seconds.
  path: Assets/Toon Adventure Island/Prefabs/Props/TAI_Plank_01A.prefab
  artifactKey: Guid(a3d04a58f778b394e962a23a2f0b3acb) Importer(2089858483,b0f066a214c2f5e87bad3c948f4d605d)
Start importing Assets/Toon Adventure Island/Prefabs/Props/TAI_Plank_01A.prefab using Guid(a3d04a58f778b394e962a23a2f0b3acb) Importer(2089858483,b0f066a214c2f5e87bad3c948f4d605d) (ScriptedImporter) -> (artifact id: 'd8d057757a4fb42bdee8683a4bf485a2') in 0.0224917 seconds
Number of updated asset objects reloaded before import = 0Number of asset objects unloaded after import = 16

========================================================================
Received Import Request.
  Time since last request: 0.000064 seconds.
  path: Assets/Toon Adventure Island/Textures/TAI_Normal_01.png
  artifactKey: Guid(22d4830e3cf1364469d64cbdcf0e834c) Importer(2089858483,b0f066a214c2f5e87bad3c948f4d605d)
Start importing Assets/Toon Adventure Island/Textures/TAI_Normal_01.png using Guid(22d4830e3cf1364469d64cbdcf0e834c) Importer(2089858483,b0f066a214c2f5e87bad3c948f4d605d) (ScriptedImporter) -> (artifact id: '1d60771fe4268c383c33bdb511982424') in 0.0339248 seconds
Number of updated asset objects reloaded before import = 0Number of asset objects unloaded after import = 1

========================================================================
Received Import Request.
  Time since last request: 0.000078 seconds.
  path: Assets/Toon Adventure Island/Models/TAI_Shell_02B.fbx
  artifactKey: Guid(618ff5a7b50fa2a4bb4eb87f2ef9523b) Importer(2089858483,b0f066a214c2f5e87bad3c948f4d605d)
Start importing Assets/Toon Adventure Island/Models/TAI_Shell_02B.fbx using Guid(618ff5a7b50fa2a4bb4eb87f2ef9523b) Importer(2089858483,b0f066a214c2f5e87bad3c948f4d605d) (ScriptedImporter) -> (artifact id: '69cc567327cb1af561732746c855fa94') in 0.0265316 seconds
Number of updated asset objects reloaded before import = 0Number of asset objects unloaded after import = 20

========================================================================
Received Import Request.
  Time since last request: 0.000060 seconds.
  path: Assets/Toon Adventure Island/Prefabs/Vegetation/Trees/TAI_Palm_Tree_03A.prefab
  artifactKey: Guid(f429ec9c025cd294da68546537e51b33) Importer(2089858483,b0f066a214c2f5e87bad3c948f4d605d)
Start importing Assets/Toon Adventure Island/Prefabs/Vegetation/Trees/TAI_Palm_Tree_03A.prefab using Guid(f429ec9c025cd294da68546537e51b33) Importer(2089858483,b0f066a214c2f5e87bad3c948f4d605d) (ScriptedImporter) -> (artifact id: '78ced885f4e1e2222ac2991db475f04b') in 0.0254688 seconds
Number of updated asset objects reloaded before import = 0Number of asset objects unloaded after import = 28

========================================================================
Received Import Request.
  Time since last request: 0.000054 seconds.
  path: Assets/Toon Adventure Island/Prefabs/Props/TAI_Palm_Trunk_Stack_01A.prefab
  artifactKey: Guid(71af0795784739145842ea9901384508) Importer(2089858483,b0f066a214c2f5e87bad3c948f4d605d)
Start importing Assets/Toon Adventure Island/Prefabs/Props/TAI_Palm_Trunk_Stack_01A.prefab using Guid(71af0795784739145842ea9901384508) Importer(2089858483,b0f066a214c2f5e87bad3c948f4d605d) (ScriptedImporter) -> (artifact id: 'c81a16e8c621646e732ef0d638d67ec4') in 0.0253281 seconds
Number of updated asset objects reloaded before import = 0Number of asset objects unloaded after import = 23

========================================================================
Received Import Request.
  Time since last request: 0.000047 seconds.
  path: Assets/Toon Adventure Island/Prefabs/Rocks/TAI_Rock_Large_08A.prefab
  artifactKey: Guid(92a5bfa9cf9b26047bc0a83be618cc0c) Importer(2089858483,b0f066a214c2f5e87bad3c948f4d605d)
Start importing Assets/Toon Adventure Island/Prefabs/Rocks/TAI_Rock_Large_08A.prefab using Guid(92a5bfa9cf9b26047bc0a83be618cc0c) Importer(2089858483,b0f066a214c2f5e87bad3c948f4d605d) (ScriptedImporter) -> (artifact id: 'f68447c3da8da8fc34c31768320f79de') in 0.0254622 seconds
Number of updated asset objects reloaded before import = 0Number of asset objects unloaded after import = 28

========================================================================
Received Import Request.
  Time since last request: 0.000087 seconds.
  path: Assets/Toon Adventure Island/Prefabs/Rocks/TAI_Rock_Medium_06B.prefab
  artifactKey: Guid(8e9cee6e4e735004d8ff0bc9cad83f15) Importer(2089858483,b0f066a214c2f5e87bad3c948f4d605d)
Start importing Assets/Toon Adventure Island/Prefabs/Rocks/TAI_Rock_Medium_06B.prefab using Guid(8e9cee6e4e735004d8ff0bc9cad83f15) Importer(2089858483,b0f066a214c2f5e87bad3c948f4d605d) (ScriptedImporter) -> (artifact id: '621b02e2e3edb754275a255099d9343e') in 0.0218431 seconds
Number of updated asset objects reloaded before import = 0Number of asset objects unloaded after import = 28

========================================================================
Received Import Request.
  Time since last request: 0.000056 seconds.
  path: Assets/Toon Adventure Island/Textures/TAI_Noise_03.psd
  artifactKey: Guid(c506a52636b9a9c40833c878092a66e3) Importer(2089858483,b0f066a214c2f5e87bad3c948f4d605d)
Start importing Assets/Toon Adventure Island/Textures/TAI_Noise_03.psd using Guid(c506a52636b9a9c40833c878092a66e3) Importer(2089858483,b0f066a214c2f5e87bad3c948f4d605d) (ScriptedImporter) -> (artifact id: '3706dacc13a0d30cd3872e025632c942') in 0.0259291 seconds
Number of updated asset objects reloaded before import = 0Number of asset objects unloaded after import = 1

========================================================================
Received Import Request.
  Time since last request: 0.000048 seconds.
  path: Assets/Toon Adventure Island/Prefabs/Ruins/TAI_Stone_Pavilion_01A.prefab
  artifactKey: Guid(8ae214ec18f9d3f439662ba915049918) Importer(2089858483,b0f066a214c2f5e87bad3c948f4d605d)
Start importing Assets/Toon Adventure Island/Prefabs/Ruins/TAI_Stone_Pavilion_01A.prefab using Guid(8ae214ec18f9d3f439662ba915049918) Importer(2089858483,b0f066a214c2f5e87bad3c948f4d605d) (ScriptedImporter) -> (artifact id: '74b3f14ab72b2a29127fac7c7eeee338') in 0.0274623 seconds
Number of updated asset objects reloaded before import = 0Number of asset objects unloaded after import = 38

========================================================================
Received Import Request.
  Time since last request: 0.000044 seconds.
  path: Assets/Toon Adventure Island/Textures/TAI_Gradient_Mask_01A.psd
  artifactKey: Guid(056f3d37059fe63468d3b7fa8e8ed091) Importer(2089858483,b0f066a214c2f5e87bad3c948f4d605d)
Start importing Assets/Toon Adventure Island/Textures/TAI_Gradient_Mask_01A.psd using Guid(056f3d37059fe63468d3b7fa8e8ed091) Importer(2089858483,b0f066a214c2f5e87bad3c948f4d605d) (ScriptedImporter) -> (artifact id: '78c61a5dba2906555de29d6fe620d6f2') in 0.0260522 seconds
Number of updated asset objects reloaded before import = 0Number of asset objects unloaded after import = 1

========================================================================
Received Import Request.
  Time since last request: 0.000055 seconds.
  path: Assets/Toon Adventure Island/Prefabs/Vegetation/Plants/TAI_Plant_18A.prefab
  artifactKey: Guid(316128a41e5ef3a40b442630486ff08e) Importer(2089858483,b0f066a214c2f5e87bad3c948f4d605d)
Start importing Assets/Toon Adventure Island/Prefabs/Vegetation/Plants/TAI_Plant_18A.prefab using Guid(316128a41e5ef3a40b442630486ff08e) Importer(2089858483,b0f066a214c2f5e87bad3c948f4d605d) (ScriptedImporter) -> (artifact id: 'fd932c6317f1557a59d42f5bc56f5472') in 0.0214518 seconds
Number of updated asset objects reloaded before import = 0Number of asset objects unloaded after import = 25

========================================================================
Received Import Request.
  Time since last request: 0.000060 seconds.
  path: Assets/Toon Adventure Island/Prefabs/Props/TAI_Wood_Barrel_03A.prefab
  artifactKey: Guid(db5ef4cfab449bf4c851b9527eee0810) Importer(2089858483,b0f066a214c2f5e87bad3c948f4d605d)
Start importing Assets/Toon Adventure Island/Prefabs/Props/TAI_Wood_Barrel_03A.prefab using Guid(db5ef4cfab449bf4c851b9527eee0810) Importer(2089858483,b0f066a214c2f5e87bad3c948f4d605d) (ScriptedImporter) -> (artifact id: '6ceca9d45a06258e131a408ca611a992') in 0.0220736 seconds
Number of updated asset objects reloaded before import = 0Number of asset objects unloaded after import = 28

========================================================================
Received Import Request.
  Time since last request: 0.000049 seconds.
  path: Assets/Toon Adventure Island/Prefabs/Props/TAI_Coconut_05A.prefab
  artifactKey: Guid(01e44ca00997b9949a01a7ed23fbdc69) Importer(2089858483,b0f066a214c2f5e87bad3c948f4d605d)
Start importing Assets/Toon Adventure Island/Prefabs/Props/TAI_Coconut_05A.prefab using Guid(01e44ca00997b9949a01a7ed23fbdc69) Importer(2089858483,b0f066a214c2f5e87bad3c948f4d605d) (ScriptedImporter) -> (artifact id: '1ef85f50782d5c2eb5c47e1b219af8ca') in 0.0262408 seconds
Number of updated asset objects reloaded before import = 0Number of asset objects unloaded after import = 16

========================================================================
Received Import Request.
  Time since last request: 0.000050 seconds.
  path: Assets/Toon Adventure Island/Models/TAI_Coconut_04A.fbx
  artifactKey: Guid(49389b989a685be43987b56af0ddc58e) Importer(2089858483,b0f066a214c2f5e87bad3c948f4d605d)
Start importing Assets/Toon Adventure Island/Models/TAI_Coconut_04A.fbx using Guid(49389b989a685be43987b56af0ddc58e) Importer(2089858483,b0f066a214c2f5e87bad3c948f4d605d) (ScriptedImporter) -> (artifact id: '839821dc9061ed5c5b2b75c5ef77fd5c') in 0.0364412 seconds
Number of updated asset objects reloaded before import = 0Number of asset objects unloaded after import = 15

========================================================================
Received Import Request.
  Time since last request: 0.000051 seconds.
  path: Assets/Toon Adventure Island/Prefabs/Vegetation/Trees/TAI_Tree_02A.prefab
  artifactKey: Guid(e1e68c84b5ded8f42ba2a5b5c490154d) Importer(2089858483,b0f066a214c2f5e87bad3c948f4d605d)
Start importing Assets/Toon Adventure Island/Prefabs/Vegetation/Trees/TAI_Tree_02A.prefab using Guid(e1e68c84b5ded8f42ba2a5b5c490154d) Importer(2089858483,b0f066a214c2f5e87bad3c948f4d605d) (ScriptedImporter) -> (artifact id: 'c7d6929d0478333672e48751e4cd66cd') in 0.0229772 seconds
Number of updated asset objects reloaded before import = 0Number of asset objects unloaded after import = 28

========================================================================
Received Import Request.
  Time since last request: 0.000067 seconds.
  path: Assets/Toon Adventure Island/Prefabs/Vegetation/Trees/TAI_Palm_Trunk_03A.prefab
  artifactKey: Guid(a6b2c4a66c0e4494a8384451fa3bc11e) Importer(2089858483,b0f066a214c2f5e87bad3c948f4d605d)
Start importing Assets/Toon Adventure Island/Prefabs/Vegetation/Trees/TAI_Palm_Trunk_03A.prefab using Guid(a6b2c4a66c0e4494a8384451fa3bc11e) Importer(2089858483,b0f066a214c2f5e87bad3c948f4d605d) (ScriptedImporter) -> (artifact id: 'bea9bd85ce01cc47e0ac7e5be1b40151') in 0.0226657 seconds
Number of updated asset objects reloaded before import = 0Number of asset objects unloaded after import = 21

========================================================================
Received Import Request.
  Time since last request: 0.000044 seconds.
  path: Assets/URP Settings
  artifactKey: Guid(14338b52c645c4bccbad106c01e82119) Importer(2089858483,b0f066a214c2f5e87bad3c948f4d605d)
Start importing Assets/URP Settings using Guid(14338b52c645c4bccbad106c01e82119) Importer(2089858483,b0f066a214c2f5e87bad3c948f4d605d) (ScriptedImporter) -> (artifact id: '6001eb526add63ec14c39da4e92de77a') in 0.0171128 seconds
Number of updated asset objects reloaded before import = 0Number of asset objects unloaded after import = 1

========================================================================
Received Import Request.
  Time since last request: 0.000043 seconds.
  path: Assets/Toon Adventure Island/Prefabs/Animals/TAI_Fish_01A.prefab
  artifactKey: Guid(43d3028cc8ab3ac459f48ecd50c34a00) Importer(2089858483,b0f066a214c2f5e87bad3c948f4d605d)
Start importing Assets/Toon Adventure Island/Prefabs/Animals/TAI_Fish_01A.prefab using Guid(43d3028cc8ab3ac459f48ecd50c34a00) Importer(2089858483,b0f066a214c2f5e87bad3c948f4d605d) (ScriptedImporter) -> (artifact id: '866db3ded6baffa409f17076928ae8e5') in 0.0259695 seconds
Number of updated asset objects reloaded before import = 0Number of asset objects unloaded after import = 34

========================================================================
Received Import Request.
  Time since last request: 0.000034 seconds.
  path: Assets/Toon Adventure Island/Models/TAI_Paddle_02A.fbx
  artifactKey: Guid(d6a9ded68208d29439ca3c2b92eb55a8) Importer(2089858483,b0f066a214c2f5e87bad3c948f4d605d)
Start importing Assets/Toon Adventure Island/Models/TAI_Paddle_02A.fbx using Guid(d6a9ded68208d29439ca3c2b92eb55a8) Importer(2089858483,b0f066a214c2f5e87bad3c948f4d605d) (ScriptedImporter) -> (artifact id: '915dbf84dbeb724b99b62c04de1373cf') in 0.0227446 seconds
Number of updated asset objects reloaded before import = 0Number of asset objects unloaded after import = 15

========================================================================
Received Import Request.
  Time since last request: 0.000044 seconds.
  path: Assets/Toon Adventure Island/Animations/TAI_Seagull_01_Soar.controller
  artifactKey: Guid(ad9c203dfcb89f74c992964c1f3e8744) Importer(2089858483,b0f066a214c2f5e87bad3c948f4d605d)
Start importing Assets/Toon Adventure Island/Animations/TAI_Seagull_01_Soar.controller using Guid(ad9c203dfcb89f74c992964c1f3e8744) Importer(2089858483,b0f066a214c2f5e87bad3c948f4d605d) (ScriptedImporter) -> (artifact id: '05f3cdd5aa7aca1abac922ba09f10ebb') in 0.0166395 seconds
Number of updated asset objects reloaded before import = 0Number of asset objects unloaded after import = 4

========================================================================
Received Import Request.
  Time since last request: 0.000027 seconds.
  path: Assets/Toon Adventure Island/Prefabs/Vegetation/Plants/TAI_Grass_Patch_02B.prefab
  artifactKey: Guid(860eb279b5ff3bd40bae105dbe9093d6) Importer(2089858483,b0f066a214c2f5e87bad3c948f4d605d)
Start importing Assets/Toon Adventure Island/Prefabs/Vegetation/Plants/TAI_Grass_Patch_02B.prefab using Guid(860eb279b5ff3bd40bae105dbe9093d6) Importer(2089858483,b0f066a214c2f5e87bad3c948f4d605d) (ScriptedImporter) -> (artifact id: '4530b749402f9b138c3fb488f107bef1') in 0.0316413 seconds
Number of updated asset objects reloaded before import = 0Number of asset objects unloaded after import = 25

========================================================================
Received Import Request.
  Time since last request: 0.000036 seconds.
  path: Assets/Toon Adventure Island/Particles/Textures/TAI_Firefly_01A_D.tif
  artifactKey: Guid(b2db293bd68dff4418cbcdd6a9b1f17d) Importer(2089858483,b0f066a214c2f5e87bad3c948f4d605d)
Start importing Assets/Toon Adventure Island/Particles/Textures/TAI_Firefly_01A_D.tif using Guid(b2db293bd68dff4418cbcdd6a9b1f17d) Importer(2089858483,b0f066a214c2f5e87bad3c948f4d605d) (ScriptedImporter) -> (artifact id: '787e6aeabceb68232f3cecffef8ed0f4') in 0.0185482 seconds
Number of updated asset objects reloaded before import = 0Number of asset objects unloaded after import = 1

========================================================================
Received Import Request.
  Time since last request: 0.000060 seconds.
  path: Assets/Toon Adventure Island/Models/TAI_Plant_08A.fbx
  artifactKey: Guid(a870acf6f0a95544284ce072e273abd9) Importer(2089858483,b0f066a214c2f5e87bad3c948f4d605d)
Start importing Assets/Toon Adventure Island/Models/TAI_Plant_08A.fbx using Guid(a870acf6f0a95544284ce072e273abd9) Importer(2089858483,b0f066a214c2f5e87bad3c948f4d605d) (ScriptedImporter) -> (artifact id: '7634c068ba35265f5b7bc6eca9ebc3b5') in 0.0200084 seconds
Number of updated asset objects reloaded before import = 0Number of asset objects unloaded after import = 25

========================================================================
Received Import Request.
  Time since last request: 0.000060 seconds.
  path: Assets/Toon Adventure Island/Prefabs/Rocks/TAI_Stone_Slab_02A.prefab
  artifactKey: Guid(bb63eb4e34c968a4295703c798b6058b) Importer(2089858483,b0f066a214c2f5e87bad3c948f4d605d)
Start importing Assets/Toon Adventure Island/Prefabs/Rocks/TAI_Stone_Slab_02A.prefab using Guid(bb63eb4e34c968a4295703c798b6058b) Importer(2089858483,b0f066a214c2f5e87bad3c948f4d605d) (ScriptedImporter) -> (artifact id: '432843b3ba7a97187067cac1b259ac69') in 0.0163116 seconds
Number of updated asset objects reloaded before import = 0Number of asset objects unloaded after import = 28

========================================================================
Received Import Request.
  Time since last request: 0.000039 seconds.
  path: Assets/Toon Adventure Island/Prefabs/Treasure/TAI_Gold_Sack_01B.prefab
  artifactKey: Guid(c489110ea1b37b44381976befbfb9c6e) Importer(2089858483,b0f066a214c2f5e87bad3c948f4d605d)
Start importing Assets/Toon Adventure Island/Prefabs/Treasure/TAI_Gold_Sack_01B.prefab using Guid(c489110ea1b37b44381976befbfb9c6e) Importer(2089858483,b0f066a214c2f5e87bad3c948f4d605d) (ScriptedImporter) -> (artifact id: 'bdb18cb91ed2f7c11ce85da10b560319') in 0.0200156 seconds
Number of updated asset objects reloaded before import = 0Number of asset objects unloaded after import = 26

========================================================================
Received Import Request.
  Time since last request: 0.000032 seconds.
  path: Assets/Toon Adventure Island/Textures/TAI_Atlas_1A.tga
  artifactKey: Guid(9279fd00020bd1d4d8bb48dc4999c437) Importer(2089858483,b0f066a214c2f5e87bad3c948f4d605d)
Start importing Assets/Toon Adventure Island/Textures/TAI_Atlas_1A.tga using Guid(9279fd00020bd1d4d8bb48dc4999c437) Importer(2089858483,b0f066a214c2f5e87bad3c948f4d605d) (ScriptedImporter) -> (artifact id: '56a5c2dca7aa4a3ae2adbe17820509bf') in 0.0266363 seconds
Number of updated asset objects reloaded before import = 0Number of asset objects unloaded after import = 1

========================================================================
Received Import Request.
  Time since last request: 0.000066 seconds.
  path: Assets/Toon Adventure Island/Models/TAI_Pier_Bollard_02A.fbx
  artifactKey: Guid(0c24c7d46020a28498f8b64aacb2c72e) Importer(2089858483,b0f066a214c2f5e87bad3c948f4d605d)
Start importing Assets/Toon Adventure Island/Models/TAI_Pier_Bollard_02A.fbx using Guid(0c24c7d46020a28498f8b64aacb2c72e) Importer(2089858483,b0f066a214c2f5e87bad3c948f4d605d) (ScriptedImporter) -> (artifact id: 'f5c4963f01499e6557af390910b865c6') in 0.0297706 seconds
Number of updated asset objects reloaded before import = 0Number of asset objects unloaded after import = 25

========================================================================
Received Import Request.
  Time since last request: 0.000053 seconds.
  path: Assets/Toon Adventure Island/Models/TAI_Stone_Slab_04A.fbx
  artifactKey: Guid(1c41632dd3d831341904e418f6c43a8d) Importer(2089858483,b0f066a214c2f5e87bad3c948f4d605d)
Start importing Assets/Toon Adventure Island/Models/TAI_Stone_Slab_04A.fbx using Guid(1c41632dd3d831341904e418f6c43a8d) Importer(2089858483,b0f066a214c2f5e87bad3c948f4d605d) (ScriptedImporter) -> (artifact id: 'f1483096d422375e0cef2d3dc16b5065') in 0.0304419 seconds
Number of updated asset objects reloaded before import = 0Number of asset objects unloaded after import = 30

========================================================================
Received Import Request.
  Time since last request: 0.000030 seconds.
  path: Assets/Toon Adventure Island/Models/TAI_Compass_01A.fbx
  artifactKey: Guid(1f39d50e60e849742ae266aa8258cd1b) Importer(2089858483,b0f066a214c2f5e87bad3c948f4d605d)
Start importing Assets/Toon Adventure Island/Models/TAI_Compass_01A.fbx using Guid(1f39d50e60e849742ae266aa8258cd1b) Importer(2089858483,b0f066a214c2f5e87bad3c948f4d605d) (ScriptedImporter) -> (artifact id: '927ea7a6e3e7b1b26a68959b06c8b0a1') in 0.0223132 seconds
Number of updated asset objects reloaded before import = 0Number of asset objects unloaded after import = 8

========================================================================
Received Import Request.
  Time since last request: 0.000043 seconds.
  path: Assets/Toon Adventure Island/Prefabs/Rocks/TAI_Rock_Large_07B.prefab
  artifactKey: Guid(0aae47edb431ef944b63211143aeba9d) Importer(2089858483,b0f066a214c2f5e87bad3c948f4d605d)
Start importing Assets/Toon Adventure Island/Prefabs/Rocks/TAI_Rock_Large_07B.prefab using Guid(0aae47edb431ef944b63211143aeba9d) Importer(2089858483,b0f066a214c2f5e87bad3c948f4d605d) (ScriptedImporter) -> (artifact id: 'bcd07323079df84b01818ddcb12e13d3') in 0.0193031 seconds
Number of updated asset objects reloaded before import = 0Number of asset objects unloaded after import = 28

========================================================================
Received Import Request.
  Time since last request: 0.000037 seconds.
  path: Assets/Toon Adventure Island/Models/TAI_Bush_05A.fbx
  artifactKey: Guid(6ac978b4efc32b345b22cab0d2015053) Importer(2089858483,b0f066a214c2f5e87bad3c948f4d605d)
Start importing Assets/Toon Adventure Island/Models/TAI_Bush_05A.fbx using Guid(6ac978b4efc32b345b22cab0d2015053) Importer(2089858483,b0f066a214c2f5e87bad3c948f4d605d) (ScriptedImporter) -> (artifact id: 'd9cf4a3fd7b31f6793dff9c9f672b08e') in 0.0186739 seconds
Number of updated asset objects reloaded before import = 0Number of asset objects unloaded after import = 25

========================================================================
Received Import Request.
  Time since last request: 0.000050 seconds.
  path: Assets/Toon Adventure Island/Models/TAI_Rock_Large_03B.fbx
  artifactKey: Guid(f1e713c55c4b2b84cad576ff37eadf61) Importer(2089858483,b0f066a214c2f5e87bad3c948f4d605d)
Start importing Assets/Toon Adventure Island/Models/TAI_Rock_Large_03B.fbx using Guid(f1e713c55c4b2b84cad576ff37eadf61) Importer(2089858483,b0f066a214c2f5e87bad3c948f4d605d) (ScriptedImporter) -> (artifact id: '85439116fad3f00409029c8180b71933') in 0.0249934 seconds
Number of updated asset objects reloaded before import = 0Number of asset objects unloaded after import = 30

========================================================================
Received Import Request.
  Time since last request: 0.000035 seconds.
  path: Assets/Toon Adventure Island/Textures/TAI_Grass_Patch_01A.tga
  artifactKey: Guid(c299972c9bffa6c4796e1c0fc53727ae) Importer(2089858483,b0f066a214c2f5e87bad3c948f4d605d)
Start importing Assets/Toon Adventure Island/Textures/TAI_Grass_Patch_01A.tga using Guid(c299972c9bffa6c4796e1c0fc53727ae) Importer(2089858483,b0f066a214c2f5e87bad3c948f4d605d) (ScriptedImporter) -> (artifact id: 'bff424f01fcc5e4cb052c9062a5d3409') in 0.0208817 seconds
Number of updated asset objects reloaded before import = 0Number of asset objects unloaded after import = 1

========================================================================
Received Import Request.
  Time since last request: 0.000036 seconds.
  path: Assets/Toon Adventure Island/Animations/TAI_Seagull_01_Takeoff.controller
  artifactKey: Guid(179abb575873ff844b380474bf49bda7) Importer(2089858483,b0f066a214c2f5e87bad3c948f4d605d)
Start importing Assets/Toon Adventure Island/Animations/TAI_Seagull_01_Takeoff.controller using Guid(179abb575873ff844b380474bf49bda7) Importer(2089858483,b0f066a214c2f5e87bad3c948f4d605d) (ScriptedImporter) -> (artifact id: '6ae3761ece94f985ad5e326a6c011e94') in 0.0154212 seconds
Number of updated asset objects reloaded before import = 0Number of asset objects unloaded after import = 4

========================================================================
Received Import Request.
  Time since last request: 0.000048 seconds.
  path: Assets/Toon Adventure Island/Prefabs/Vegetation/Trees/TAI_Palm_Tree_01B.prefab
  artifactKey: Guid(d7246a66783ae1f4286b312fba27b2f3) Importer(2089858483,b0f066a214c2f5e87bad3c948f4d605d)
Start importing Assets/Toon Adventure Island/Prefabs/Vegetation/Trees/TAI_Palm_Tree_01B.prefab using Guid(d7246a66783ae1f4286b312fba27b2f3) Importer(2089858483,b0f066a214c2f5e87bad3c948f4d605d) (ScriptedImporter) -> (artifact id: 'f3822623e31c488795e0d71b893d48d6') in 0.0214324 seconds
Number of updated asset objects reloaded before import = 0Number of asset objects unloaded after import = 28

========================================================================
Received Import Request.
  Time since last request: 0.000080 seconds.
  path: Assets/Toon Adventure Island/Prefabs/Props/TAI_Torch_01A.prefab
  artifactKey: Guid(b03fe635c40deb74aa11ca2d3746b031) Importer(2089858483,b0f066a214c2f5e87bad3c948f4d605d)
Start importing Assets/Toon Adventure Island/Prefabs/Props/TAI_Torch_01A.prefab using Guid(b03fe635c40deb74aa11ca2d3746b031) Importer(2089858483,b0f066a214c2f5e87bad3c948f4d605d) (ScriptedImporter) -> (artifact id: '55eb31189543781065bd9fdb01846f80') in 0.0209996 seconds
Number of updated asset objects reloaded before import = 0Number of asset objects unloaded after import = 21

========================================================================
Received Import Request.
  Time since last request: 0.000034 seconds.
  path: Assets/Toon Adventure Island/Models/TAI_Golden_Cup_01A.fbx
  artifactKey: Guid(6545834d27efd6e40bb6b0ec97d06cca) Importer(2089858483,b0f066a214c2f5e87bad3c948f4d605d)
Start importing Assets/Toon Adventure Island/Models/TAI_Golden_Cup_01A.fbx using Guid(6545834d27efd6e40bb6b0ec97d06cca) Importer(2089858483,b0f066a214c2f5e87bad3c948f4d605d) (ScriptedImporter) -> (artifact id: '2100d58a91dbce11e43bcddbb4a3fb30') in 0.0314399 seconds
Number of updated asset objects reloaded before import = 0Number of asset objects unloaded after import = 20

========================================================================
Received Import Request.
  Time since last request: 0.000058 seconds.
  path: Assets/Toon Adventure Island/Prefabs/Props/TAI_Wooden_Pillar_02A.prefab
  artifactKey: Guid(bfef8e8d01845be4abf8c375f4b0eb95) Importer(2089858483,b0f066a214c2f5e87bad3c948f4d605d)
Start importing Assets/Toon Adventure Island/Prefabs/Props/TAI_Wooden_Pillar_02A.prefab using Guid(bfef8e8d01845be4abf8c375f4b0eb95) Importer(2089858483,b0f066a214c2f5e87bad3c948f4d605d) (ScriptedImporter) -> (artifact id: 'bdee34a92868dc50a3e5ac72b5388c80') in 0.0216897 seconds
Number of updated asset objects reloaded before import = 0Number of asset objects unloaded after import = 21

========================================================================
Received Import Request.
  Time since last request: 0.000041 seconds.
  path: Assets/Toon Adventure Island/Models/TAI_Rock_Large_09A.fbx
  artifactKey: Guid(55b99156e6a26d345b070b6de0daa3e8) Importer(2089858483,b0f066a214c2f5e87bad3c948f4d605d)
Start importing Assets/Toon Adventure Island/Models/TAI_Rock_Large_09A.fbx using Guid(55b99156e6a26d345b070b6de0daa3e8) Importer(2089858483,b0f066a214c2f5e87bad3c948f4d605d) (ScriptedImporter) -> (artifact id: '263ef95a3b2e899bfc6a6ddcaf2ea339') in 0.0280866 seconds
Number of updated asset objects reloaded before import = 0Number of asset objects unloaded after import = 30

========================================================================
Received Import Request.
  Time since last request: 0.000114 seconds.
  path: Assets/Toon Adventure Island/Models/TAI_Rock_Large_01A.fbx
  artifactKey: Guid(05c2c57efb8d7d8488d0dd12d745c4e3) Importer(2089858483,b0f066a214c2f5e87bad3c948f4d605d)
Start importing Assets/Toon Adventure Island/Models/TAI_Rock_Large_01A.fbx using Guid(05c2c57efb8d7d8488d0dd12d745c4e3) Importer(2089858483,b0f066a214c2f5e87bad3c948f4d605d) (ScriptedImporter) -> (artifact id: '7716cb2d4ab710f65c8704b3b4a209a0') in 0.0266612 seconds
Number of updated asset objects reloaded before import = 0Number of asset objects unloaded after import = 30

========================================================================
Received Import Request.
  Time since last request: 0.000052 seconds.
  path: Assets/Toon Adventure Island/Prefabs/Props/TAI_Cloth_01C.prefab
  artifactKey: Guid(7a64fa4493bf8f94abffa527ebcd677f) Importer(2089858483,b0f066a214c2f5e87bad3c948f4d605d)
Start importing Assets/Toon Adventure Island/Prefabs/Props/TAI_Cloth_01C.prefab using Guid(7a64fa4493bf8f94abffa527ebcd677f) Importer(2089858483,b0f066a214c2f5e87bad3c948f4d605d) (ScriptedImporter) -> (artifact id: '86132d84d45278f27f17f644e3de67f9') in 0.0214722 seconds
Number of updated asset objects reloaded before import = 0Number of asset objects unloaded after import = 20

========================================================================
Received Import Request.
  Time since last request: 0.000030 seconds.
  path: Assets/Toon Adventure Island/Prefabs/Treasure/TAI_Gold_Coin_01A.prefab
  artifactKey: Guid(2f8c91089ecb3fb4f9e149e1c0c690a7) Importer(2089858483,b0f066a214c2f5e87bad3c948f4d605d)
Start importing Assets/Toon Adventure Island/Prefabs/Treasure/TAI_Gold_Coin_01A.prefab using Guid(2f8c91089ecb3fb4f9e149e1c0c690a7) Importer(2089858483,b0f066a214c2f5e87bad3c948f4d605d) (ScriptedImporter) -> (artifact id: '58fc27bb2d9a43bb70c31cda7ba77aa7') in 0.021037 seconds
Number of updated asset objects reloaded before import = 0Number of asset objects unloaded after import = 21

========================================================================
Received Import Request.
  Time since last request: 0.000050 seconds.
  path: Assets/Toon Adventure Island/Prefabs/Vegetation/Plants/TAI_Plant_03A.prefab
  artifactKey: Guid(ab58f3e8564f41b48978c3aca5e8a76e) Importer(2089858483,b0f066a214c2f5e87bad3c948f4d605d)
Start importing Assets/Toon Adventure Island/Prefabs/Vegetation/Plants/TAI_Plant_03A.prefab using Guid(ab58f3e8564f41b48978c3aca5e8a76e) Importer(2089858483,b0f066a214c2f5e87bad3c948f4d605d) (ScriptedImporter) -> (artifact id: '3569bdbdfa6b9f0ff4ccae1dfbd06015') in 0.0184141 seconds
Number of updated asset objects reloaded before import = 0Number of asset objects unloaded after import = 26

========================================================================
Received Import Request.
  Time since last request: 0.000048 seconds.
  path: Assets/Toon Adventure Island/Prefabs/Vegetation/Plants/TAI_Vine_04A.prefab
  artifactKey: Guid(b15ffdd9435076f4a8c058cdb17dab9a) Importer(2089858483,b0f066a214c2f5e87bad3c948f4d605d)
Start importing Assets/Toon Adventure Island/Prefabs/Vegetation/Plants/TAI_Vine_04A.prefab using Guid(b15ffdd9435076f4a8c058cdb17dab9a) Importer(2089858483,b0f066a214c2f5e87bad3c948f4d605d) (ScriptedImporter) -> (artifact id: 'a191d6a206dc61e120fea5eb942ed32a') in 0.0192095 seconds
Number of updated asset objects reloaded before import = 0Number of asset objects unloaded after import = 25

========================================================================
Received Import Request.
  Time since last request: 0.000038 seconds.
  path: Assets/Toon Adventure Island/Prefabs/Nautical/TAI_Boat_02A.prefab
  artifactKey: Guid(69f94961d99bd2d43bcd28f0d1c632b4) Importer(815301076,1909f56bfc062723c751e8b465ee728b)
Start importing Assets/Toon Adventure Island/Prefabs/Nautical/TAI_Boat_02A.prefab using Guid(69f94961d99bd2d43bcd28f0d1c632b4) Importer(815301076,1909f56bfc062723c751e8b465ee728b) (PreviewImporter) -> (artifact id: 'eef28ad296f44a85f61599956987450a') in 0.0241052 seconds
Number of updated asset objects reloaded before import = 0Number of asset objects unloaded after import = 29

========================================================================
Received Import Request.
  Time since last request: 0.000031 seconds.
  path: Assets/Toon Adventure Island/Prefabs/Nautical/TAI_Fishing_Net_05A.prefab
  artifactKey: Guid(0ccd93493d1c312449ee47672e5735a4) Importer(815301076,1909f56bfc062723c751e8b465ee728b)
Start importing Assets/Toon Adventure Island/Prefabs/Nautical/TAI_Fishing_Net_05A.prefab using Guid(0ccd93493d1c312449ee47672e5735a4) Importer(815301076,1909f56bfc062723c751e8b465ee728b) (PreviewImporter) -> (artifact id: 'f2e6949c5f5eeca645ef83c5477d0aa1') in 0.0336205 seconds
Number of updated asset objects reloaded before import = 0Number of asset objects unloaded after import = 29

========================================================================
Received Import Request.
  Time since last request: 0.000032 seconds.
  path: Assets/Toon Adventure Island/Prefabs/Nautical/TAI_Boat_03A_Module_2.prefab
  artifactKey: Guid(17bceb27471f4b346a105025cce918ca) Importer(815301076,1909f56bfc062723c751e8b465ee728b)
Start importing Assets/Toon Adventure Island/Prefabs/Nautical/TAI_Boat_03A_Module_2.prefab using Guid(17bceb27471f4b346a105025cce918ca) Importer(815301076,1909f56bfc062723c751e8b465ee728b) (PreviewImporter) -> (artifact id: '8e3c4c3c9e1c0ad0782087a57815f4c5') in 0.0292728 seconds
Number of updated asset objects reloaded before import = 0Number of asset objects unloaded after import = 27

========================================================================
Received Import Request.
  Time since last request: 0.000061 seconds.
  path: Assets/Toon Adventure Island/Terrain/TAI_Demo_Terrain.asset
  artifactKey: Guid(c853dda732dabec4489e2bfd73525185) Importer(2089858483,b0f066a214c2f5e87bad3c948f4d605d)
Start importing Assets/Toon Adventure Island/Terrain/TAI_Demo_Terrain.asset using Guid(c853dda732dabec4489e2bfd73525185) Importer(2089858483,b0f066a214c2f5e87bad3c948f4d605d) (ScriptedImporter) -> (artifact id: 'fdd7d704575862e045eacbbe27143906') in 0.0421137 seconds
Number of updated asset objects reloaded before import = 0Number of asset objects unloaded after import = 3

========================================================================
Received Import Request.
  Time since last request: 0.000047 seconds.
  path: Assets/Toon Adventure Island/Models/TAI_Shipwreck_01B_Module_2.fbx
  artifactKey: Guid(1d73b81ebba0354419d38fd63146a2cf) Importer(2089858483,b0f066a214c2f5e87bad3c948f4d605d)
Start importing Assets/Toon Adventure Island/Models/TAI_Shipwreck_01B_Module_2.fbx using Guid(1d73b81ebba0354419d38fd63146a2cf) Importer(2089858483,b0f066a214c2f5e87bad3c948f4d605d) (ScriptedImporter) -> (artifact id: '695f50b0592ae5ef4e7967bea2e4cd4b') in 0.0279194 seconds
Number of updated asset objects reloaded before import = 0Number of asset objects unloaded after import = 30

========================================================================
Received Import Request.
  Time since last request: 0.000035 seconds.
  path: Assets/Toon Adventure Island/Models/TAI_Stone_Slab_01A.fbx
  artifactKey: Guid(e20e5200ae75fb14cb944b4a7a67beb2) Importer(2089858483,b0f066a214c2f5e87bad3c948f4d605d)
Start importing Assets/Toon Adventure Island/Models/TAI_Stone_Slab_01A.fbx using Guid(e20e5200ae75fb14cb944b4a7a67beb2) Importer(2089858483,b0f066a214c2f5e87bad3c948f4d605d) (ScriptedImporter) -> (artifact id: '5af63a09b4d998ee9e7dc5596b198769') in 0.0271343 seconds
Number of updated asset objects reloaded before import = 0Number of asset objects unloaded after import = 30

========================================================================
Received Import Request.
  Time since last request: 0.000040 seconds.
  path: Assets/Toon Adventure Island/Prefabs/Nautical/TAI_Paddle_01A.prefab
  artifactKey: Guid(8806fa7501008bb4cb1fb38c1c56a5ad) Importer(815301076,1909f56bfc062723c751e8b465ee728b)
Start importing Assets/Toon Adventure Island/Prefabs/Nautical/TAI_Paddle_01A.prefab using Guid(8806fa7501008bb4cb1fb38c1c56a5ad) Importer(815301076,1909f56bfc062723c751e8b465ee728b) (PreviewImporter) -> (artifact id: '4b50f0e1239f227ecf0a4bf185a2b017') in 0.0269017 seconds
Number of updated asset objects reloaded before import = 0Number of asset objects unloaded after import = 19

========================================================================
Received Import Request.
  Time since last request: 0.000052 seconds.
  path: Assets/Toon Adventure Island/Models/TAI_Palm_Tree_02B.fbx
  artifactKey: Guid(971ed0cae93e46b47863c81e5f5c2350) Importer(2089858483,b0f066a214c2f5e87bad3c948f4d605d)
Start importing Assets/Toon Adventure Island/Models/TAI_Palm_Tree_02B.fbx using Guid(971ed0cae93e46b47863c81e5f5c2350) Importer(2089858483,b0f066a214c2f5e87bad3c948f4d605d) (ScriptedImporter) -> (artifact id: '39528dcdaa0187d4341ac66ba1c3c4f0') in 0.0307534 seconds
Number of updated asset objects reloaded before import = 0Number of asset objects unloaded after import = 30

========================================================================
Received Import Request.
  Time since last request: 0.000046 seconds.
  path: Assets/Toon Adventure Island/Prefabs/Rocks/TAI_Underwater_Rock_Large_03A.prefab
  artifactKey: Guid(f3a7847a50452ab4e91aa56f7d97976f) Importer(2089858483,b0f066a214c2f5e87bad3c948f4d605d)
Start importing Assets/Toon Adventure Island/Prefabs/Rocks/TAI_Underwater_Rock_Large_03A.prefab using Guid(f3a7847a50452ab4e91aa56f7d97976f) Importer(2089858483,b0f066a214c2f5e87bad3c948f4d605d) (ScriptedImporter) -> (artifact id: '07e99f62a9c12eede1418a8fc3b97c81') in 0.0198292 seconds
Number of updated asset objects reloaded before import = 0Number of asset objects unloaded after import = 18

========================================================================
Received Import Request.
  Time since last request: 0.000073 seconds.
  path: Assets/Toon Adventure Island/Models/TAI_StarFish_01B.fbx
  artifactKey: Guid(156beea5a1b5d944c8ed0c3c1685a4f4) Importer(2089858483,b0f066a214c2f5e87bad3c948f4d605d)
Start importing Assets/Toon Adventure Island/Models/TAI_StarFish_01B.fbx using Guid(156beea5a1b5d944c8ed0c3c1685a4f4) Importer(2089858483,b0f066a214c2f5e87bad3c948f4d605d) (ScriptedImporter) -> (artifact id: '276f20f9507d18308ef5764fcba35a69') in 0.0273896 seconds
Number of updated asset objects reloaded before import = 0Number of asset objects unloaded after import = 20

========================================================================
Received Import Request.
  Time since last request: 0.000043 seconds.
  path: Assets/Toon Adventure Island/Prefabs/Nautical/TAI_Fishing_Net_04A.prefab
  artifactKey: Guid(1a552b30c58efcb429b86197a0bdf280) Importer(815301076,1909f56bfc062723c751e8b465ee728b)
Start importing Assets/Toon Adventure Island/Prefabs/Nautical/TAI_Fishing_Net_04A.prefab using Guid(1a552b30c58efcb429b86197a0bdf280) Importer(815301076,1909f56bfc062723c751e8b465ee728b) (PreviewImporter) -> (artifact id: 'ff41ddb65e0b1a4284bde8afda827ebe') in 0.0333399 seconds
Number of updated asset objects reloaded before import = 0Number of asset objects unloaded after import = 29

========================================================================
Received Import Request.
  Time since last request: 0.000124 seconds.
  path: Assets/Toon Adventure Island/Models/TAI_Cannon_Ammo_01A.fbx
  artifactKey: Guid(0d170dd506ccf544b8513e8514fc94d0) Importer(2089858483,b0f066a214c2f5e87bad3c948f4d605d)
Start importing Assets/Toon Adventure Island/Models/TAI_Cannon_Ammo_01A.fbx using Guid(0d170dd506ccf544b8513e8514fc94d0) Importer(2089858483,b0f066a214c2f5e87bad3c948f4d605d) (ScriptedImporter) -> (artifact id: 'd910cc15a763f8da61217985a6fc520a') in 0.026691 seconds
Number of updated asset objects reloaded before import = 0Number of asset objects unloaded after import = 15

========================================================================
Received Import Request.
  Time since last request: 0.000083 seconds.
  path: Assets/Toon Adventure Island/Prefabs/Nautical/TAI_Boat_01B.prefab
  artifactKey: Guid(b5f5b4d6460d4154c9c0dad73ece1f6f) Importer(815301076,1909f56bfc062723c751e8b465ee728b)
Start importing Assets/Toon Adventure Island/Prefabs/Nautical/TAI_Boat_01B.prefab using Guid(b5f5b4d6460d4154c9c0dad73ece1f6f) Importer(815301076,1909f56bfc062723c751e8b465ee728b) (PreviewImporter) -> (artifact id: 'ba68442153af8a7280fb22f23a528a08') in 0.0301268 seconds
Number of updated asset objects reloaded before import = 0Number of asset objects unloaded after import = 27

========================================================================
Received Import Request.
  Time since last request: 0.000027 seconds.
  path: Assets/Toon Adventure Island/Models/TAI_Rock_Medium_12A.fbx
  artifactKey: Guid(cc9af6d92eb54474dbce85a8384bfa09) Importer(2089858483,b0f066a214c2f5e87bad3c948f4d605d)
Start importing Assets/Toon Adventure Island/Models/TAI_Rock_Medium_12A.fbx using Guid(cc9af6d92eb54474dbce85a8384bfa09) Importer(2089858483,b0f066a214c2f5e87bad3c948f4d605d) (ScriptedImporter) -> (artifact id: '5c0b16df9bf86a250e63b77ab1ae9f5e') in 0.0241742 seconds
Number of updated asset objects reloaded before import = 0Number of asset objects unloaded after import = 30

========================================================================
Received Import Request.
  Time since last request: 0.000045 seconds.
  path: Assets/Toon Adventure Island/Prefabs/Nautical/TAI_Pier_Bollard_02A.prefab
  artifactKey: Guid(bdd7c29348113f1449bf174c30b1ab72) Importer(815301076,1909f56bfc062723c751e8b465ee728b)
Start importing Assets/Toon Adventure Island/Prefabs/Nautical/TAI_Pier_Bollard_02A.prefab using Guid(bdd7c29348113f1449bf174c30b1ab72) Importer(815301076,1909f56bfc062723c751e8b465ee728b) (PreviewImporter) -> (artifact id: 'e48e0d3b0e1d0afa2fee91397162c39e') in 0.0230991 seconds
Number of updated asset objects reloaded before import = 0Number of asset objects unloaded after import = 29

========================================================================
Received Import Request.
  Time since last request: 0.000058 seconds.
  path: Assets/Toon Adventure Island/Prefabs/Ruins/TAI_Stone_Steps_02A.prefab
  artifactKey: Guid(3bd1fea2ee1d0ec4fa6dfdc3efe8609e) Importer(2089858483,b0f066a214c2f5e87bad3c948f4d605d)
Start importing Assets/Toon Adventure Island/Prefabs/Ruins/TAI_Stone_Steps_02A.prefab using Guid(3bd1fea2ee1d0ec4fa6dfdc3efe8609e) Importer(2089858483,b0f066a214c2f5e87bad3c948f4d605d) (ScriptedImporter) -> (artifact id: '5146b9825124338ab8d7f81442504dad') in 0.0213487 seconds
Number of updated asset objects reloaded before import = 0Number of asset objects unloaded after import = 33

========================================================================
Received Import Request.
  Time since last request: 0.000057 seconds.
  path: Assets/Toon Adventure Island/Prefabs/Rocks/TAI_Climbing_Grips_01A.prefab
  artifactKey: Guid(cf94ed676eb0eb240ad06d54345f4a64) Importer(2089858483,b0f066a214c2f5e87bad3c948f4d605d)
Start importing Assets/Toon Adventure Island/Prefabs/Rocks/TAI_Climbing_Grips_01A.prefab using Guid(cf94ed676eb0eb240ad06d54345f4a64) Importer(2089858483,b0f066a214c2f5e87bad3c948f4d605d) (ScriptedImporter) -> (artifact id: '6622003c9f22dde8d61a6d32411e0698') in 0.0269885 seconds
Number of updated asset objects reloaded before import = 0Number of asset objects unloaded after import = 13

========================================================================
Received Import Request.
  Time since last request: 0.000051 seconds.
  path: Assets/Toon Adventure Island/Prefabs/Nautical/TAI_Boat_02B.prefab
  artifactKey: Guid(c8b0c8ae7ac0d9f418912a1b03cb48ce) Importer(815301076,1909f56bfc062723c751e8b465ee728b)
Start importing Assets/Toon Adventure Island/Prefabs/Nautical/TAI_Boat_02B.prefab using Guid(c8b0c8ae7ac0d9f418912a1b03cb48ce) Importer(815301076,1909f56bfc062723c751e8b465ee728b) (PreviewImporter) -> (artifact id: '9216468d68eb719ec93ec7c3422e6130') in 0.0323264 seconds
Number of updated asset objects reloaded before import = 0Number of asset objects unloaded after import = 27

========================================================================
Received Import Request.
  Time since last request: 0.000049 seconds.
  path: Assets/Toon Adventure Island/Models/TAI_Rock_Medium_08A.fbx
  artifactKey: Guid(f6dba919e3f1f2b42966a977b8943cd1) Importer(2089858483,b0f066a214c2f5e87bad3c948f4d605d)
Start importing Assets/Toon Adventure Island/Models/TAI_Rock_Medium_08A.fbx using Guid(f6dba919e3f1f2b42966a977b8943cd1) Importer(2089858483,b0f066a214c2f5e87bad3c948f4d605d) (ScriptedImporter) -> (artifact id: '74a0d6747a74927314a6b69ee079a364') in 0.0212893 seconds
Number of updated asset objects reloaded before import = 0Number of asset objects unloaded after import = 30

========================================================================
Received Import Request.
  Time since last request: 0.000059 seconds.
  path: Assets/Toon Adventure Island/Prefabs/Props/TAI_Torch_02A.prefab
  artifactKey: Guid(ed33b7ca99b7607438d1d78b3371f4cd) Importer(2089858483,b0f066a214c2f5e87bad3c948f4d605d)
Start importing Assets/Toon Adventure Island/Prefabs/Props/TAI_Torch_02A.prefab using Guid(ed33b7ca99b7607438d1d78b3371f4cd) Importer(2089858483,b0f066a214c2f5e87bad3c948f4d605d) (ScriptedImporter) -> (artifact id: 'a5d98a42d1ae4e5571b644cb817e12c0') in 0.0172774 seconds
Number of updated asset objects reloaded before import = 0Number of asset objects unloaded after import = 43

========================================================================
Received Import Request.
  Time since last request: 0.000045 seconds.
  path: Assets/Toon Adventure Island/Prefabs/Ruins/TAI_Cabin_01A_Module_1.prefab
  artifactKey: Guid(0ec665640fea4874998ff19c7646b347) Importer(2089858483,b0f066a214c2f5e87bad3c948f4d605d)
Start importing Assets/Toon Adventure Island/Prefabs/Ruins/TAI_Cabin_01A_Module_1.prefab using Guid(0ec665640fea4874998ff19c7646b347) Importer(2089858483,b0f066a214c2f5e87bad3c948f4d605d) (ScriptedImporter) -> (artifact id: 'e77e57816d65ea783b6560572af2eded') in 0.0184995 seconds
Number of updated asset objects reloaded before import = 0Number of asset objects unloaded after import = 28

========================================================================
Received Import Request.
  Time since last request: 0.000107 seconds.
  path: Assets/Toon Adventure Island/Models/TAI_Plant_17A.fbx
  artifactKey: Guid(93e1f60f89d97d5479964c8b0032ec42) Importer(2089858483,b0f066a214c2f5e87bad3c948f4d605d)
Start importing Assets/Toon Adventure Island/Models/TAI_Plant_17A.fbx using Guid(93e1f60f89d97d5479964c8b0032ec42) Importer(2089858483,b0f066a214c2f5e87bad3c948f4d605d) (ScriptedImporter) -> (artifact id: '1a6c148431a55343729a51837a57aa34') in 0.0305804 seconds
Number of updated asset objects reloaded before import = 0Number of asset objects unloaded after import = 25

========================================================================
Received Import Request.
  Time since last request: 0.000047 seconds.
  path: Assets/Toon Adventure Island/Textures/TAI_Noise_02.psd
  artifactKey: Guid(511a38d84def59a459d698f9c2e69ef8) Importer(2089858483,b0f066a214c2f5e87bad3c948f4d605d)
Start importing Assets/Toon Adventure Island/Textures/TAI_Noise_02.psd using Guid(511a38d84def59a459d698f9c2e69ef8) Importer(2089858483,b0f066a214c2f5e87bad3c948f4d605d) (ScriptedImporter) -> (artifact id: '23e7d6f78a39c208747f65598afe3696') in 0.0207291 seconds
Number of updated asset objects reloaded before import = 0Number of asset objects unloaded after import = 1

========================================================================
Received Import Request.
  Time since last request: 0.000061 seconds.
  path: Assets/Toon Adventure Island/Models/TAI_Fishing_Net_02A.fbx
  artifactKey: Guid(fd05aed879678bd49bc184f4c2c7adb8) Importer(2089858483,b0f066a214c2f5e87bad3c948f4d605d)
Start importing Assets/Toon Adventure Island/Models/TAI_Fishing_Net_02A.fbx using Guid(fd05aed879678bd49bc184f4c2c7adb8) Importer(2089858483,b0f066a214c2f5e87bad3c948f4d605d) (ScriptedImporter) -> (artifact id: '3b832970720c923ef03e6060cce16ee6') in 0.0309757 seconds
Number of updated asset objects reloaded before import = 0Number of asset objects unloaded after import = 25

========================================================================
Received Import Request.
  Time since last request: 0.000053 seconds.
  path: Assets/Toon Adventure Island/Prefabs/Props/TAI_Wooden_Bridge_01A_Module_2.prefab
  artifactKey: Guid(efe7a352bc4a6844cb2aea411cf458df) Importer(2089858483,b0f066a214c2f5e87bad3c948f4d605d)
Start importing Assets/Toon Adventure Island/Prefabs/Props/TAI_Wooden_Bridge_01A_Module_2.prefab using Guid(efe7a352bc4a6844cb2aea411cf458df) Importer(2089858483,b0f066a214c2f5e87bad3c948f4d605d) (ScriptedImporter) -> (artifact id: 'fa5abf074fbe99877b69023a81365455') in 0.0292608 seconds
Number of updated asset objects reloaded before import = 0Number of asset objects unloaded after import = 18

========================================================================
Received Import Request.
  Time since last request: 0.000027 seconds.
  path: Assets/Toon Adventure Island/Prefabs/Vegetation/Plants/TAI_Plant_08B.prefab
  artifactKey: Guid(8a716d7e65e9dee4da75b1c54e22fc5c) Importer(2089858483,b0f066a214c2f5e87bad3c948f4d605d)
Start importing Assets/Toon Adventure Island/Prefabs/Vegetation/Plants/TAI_Plant_08B.prefab using Guid(8a716d7e65e9dee4da75b1c54e22fc5c) Importer(2089858483,b0f066a214c2f5e87bad3c948f4d605d) (ScriptedImporter) -> (artifact id: '5ea3a3b75f505b15801cdc39b44e57d0') in 0.0287458 seconds
Number of updated asset objects reloaded before import = 0Number of asset objects unloaded after import = 26

========================================================================
Received Import Request.
  Time since last request: 0.000046 seconds.
  path: Assets/Toon Adventure Island/Models/TAI_Treasure_Map_01A.fbx
  artifactKey: Guid(5244e4af44a152744ab7e514a80328d2) Importer(2089858483,b0f066a214c2f5e87bad3c948f4d605d)
Start importing Assets/Toon Adventure Island/Models/TAI_Treasure_Map_01A.fbx using Guid(5244e4af44a152744ab7e514a80328d2) Importer(2089858483,b0f066a214c2f5e87bad3c948f4d605d) (ScriptedImporter) -> (artifact id: 'd32a70521c6363439be5c87a58cefae5') in 0.021961 seconds
Number of updated asset objects reloaded before import = 0Number of asset objects unloaded after import = 15

========================================================================
Received Import Request.
  Time since last request: 0.000046 seconds.
  path: Assets/Toon Adventure Island/Models/TAI_Sword_03A.fbx
  artifactKey: Guid(aa4efdd91d5042b43aee35c387b16173) Importer(2089858483,b0f066a214c2f5e87bad3c948f4d605d)
Start importing Assets/Toon Adventure Island/Models/TAI_Sword_03A.fbx using Guid(aa4efdd91d5042b43aee35c387b16173) Importer(2089858483,b0f066a214c2f5e87bad3c948f4d605d) (ScriptedImporter) -> (artifact id: '5f9457c925ca72923ff22523adf70655') in 0.0259857 seconds
Number of updated asset objects reloaded before import = 0Number of asset objects unloaded after import = 15

========================================================================
Received Import Request.
  Time since last request: 0.000054 seconds.
  path: Assets/Toon Adventure Island/Models/TAI_Palm_Trunk_02A.fbx
  artifactKey: Guid(abde81eb756d83b439bb844847905d53) Importer(2089858483,b0f066a214c2f5e87bad3c948f4d605d)
Start importing Assets/Toon Adventure Island/Models/TAI_Palm_Trunk_02A.fbx using Guid(abde81eb756d83b439bb844847905d53) Importer(2089858483,b0f066a214c2f5e87bad3c948f4d605d) (ScriptedImporter) -> (artifact id: 'd276177e217e2e53739071c501c2422f') in 0.0238926 seconds
Number of updated asset objects reloaded before import = 0Number of asset objects unloaded after import = 20

========================================================================
Received Import Request.
  Time since last request: 0.000051 seconds.
  path: Assets/Toon Adventure Island/Particles
  artifactKey: Guid(f6c277def9b49144582ed475c929eb45) Importer(2089858483,b0f066a214c2f5e87bad3c948f4d605d)
Start importing Assets/Toon Adventure Island/Particles using Guid(f6c277def9b49144582ed475c929eb45) Importer(2089858483,b0f066a214c2f5e87bad3c948f4d605d) (ScriptedImporter) -> (artifact id: 'e6425428f5137ea41be6b6634196e472') in 0.0195253 seconds
Number of updated asset objects reloaded before import = 0Number of asset objects unloaded after import = 1

========================================================================
Received Import Request.
  Time since last request: 0.000057 seconds.
  path: Assets/Toon Adventure Island/Models/TAI_Rock_Large_02A.fbx
  artifactKey: Guid(bdd7a2f147e89ab41bd8e496d34e94d3) Importer(2089858483,b0f066a214c2f5e87bad3c948f4d605d)
Start importing Assets/Toon Adventure Island/Models/TAI_Rock_Large_02A.fbx using Guid(bdd7a2f147e89ab41bd8e496d34e94d3) Importer(2089858483,b0f066a214c2f5e87bad3c948f4d605d) (ScriptedImporter) -> (artifact id: '80fbf93de208246777d13d084bad824d') in 0.0307363 seconds
Number of updated asset objects reloaded before import = 0Number of asset objects unloaded after import = 30

========================================================================
Received Import Request.
  Time since last request: 0.000067 seconds.
  path: Assets/Toon Adventure Island/Models/TAI_Rock_Medium_01A.fbx
  artifactKey: Guid(f26a5a642cd2c104383bc6338bed2c31) Importer(2089858483,b0f066a214c2f5e87bad3c948f4d605d)
Start importing Assets/Toon Adventure Island/Models/TAI_Rock_Medium_01A.fbx using Guid(f26a5a642cd2c104383bc6338bed2c31) Importer(2089858483,b0f066a214c2f5e87bad3c948f4d605d) (ScriptedImporter) -> (artifact id: '10561d967b014866c9cd374433a52a6b') in 0.0291072 seconds
Number of updated asset objects reloaded before import = 0Number of asset objects unloaded after import = 30

========================================================================
Received Import Request.
  Time since last request: 0.000055 seconds.
  path: Assets/Toon Adventure Island/Models/TAI_Pier_Bollard_01A.fbx
  artifactKey: Guid(359fc18c875c64749bf700406cbca646) Importer(2089858483,b0f066a214c2f5e87bad3c948f4d605d)
Start importing Assets/Toon Adventure Island/Models/TAI_Pier_Bollard_01A.fbx using Guid(359fc18c875c64749bf700406cbca646) Importer(2089858483,b0f066a214c2f5e87bad3c948f4d605d) (ScriptedImporter) -> (artifact id: 'c6507eba0f5886b70a1f62189f2961be') in 0.0273524 seconds
Number of updated asset objects reloaded before import = 0Number of asset objects unloaded after import = 25

========================================================================
Received Import Request.
  Time since last request: 0.000049 seconds.
  path: Assets/Toon Adventure Island/Prefabs/Props/TAI_Bed_01B.prefab
  artifactKey: Guid(4aec58c6e7c85e64cbb7ca25e3ea635c) Importer(2089858483,b0f066a214c2f5e87bad3c948f4d605d)
Start importing Assets/Toon Adventure Island/Prefabs/Props/TAI_Bed_01B.prefab using Guid(4aec58c6e7c85e64cbb7ca25e3ea635c) Importer(2089858483,b0f066a214c2f5e87bad3c948f4d605d) (ScriptedImporter) -> (artifact id: '40d26d4fed1cc1de79572f0e5d2f97df') in 0.0230603 seconds
Number of updated asset objects reloaded before import = 0Number of asset objects unloaded after import = 16

========================================================================
Received Import Request.
  Time since last request: 0.000043 seconds.
  path: Assets/Toon Adventure Island/Prefabs/Animals/TAI_Fish_01B.prefab
  artifactKey: Guid(48f6870018871b146b52d00d6603e376) Importer(2089858483,b0f066a214c2f5e87bad3c948f4d605d)
Start importing Assets/Toon Adventure Island/Prefabs/Animals/TAI_Fish_01B.prefab using Guid(48f6870018871b146b52d00d6603e376) Importer(2089858483,b0f066a214c2f5e87bad3c948f4d605d) (ScriptedImporter) -> (artifact id: '067ab721dd3260acbcacd2c158c61725') in 0.0255843 seconds
Number of updated asset objects reloaded before import = 0Number of asset objects unloaded after import = 34

========================================================================
Received Import Request.
  Time since last request: 0.000079 seconds.
  path: Assets/Toon Adventure Island/Models/TAI_Palm_Log_02A.fbx
  artifactKey: Guid(c6d11a46c362c73419e5246fcbf0ab13) Importer(2089858483,b0f066a214c2f5e87bad3c948f4d605d)
Start importing Assets/Toon Adventure Island/Models/TAI_Palm_Log_02A.fbx using Guid(c6d11a46c362c73419e5246fcbf0ab13) Importer(2089858483,b0f066a214c2f5e87bad3c948f4d605d) (ScriptedImporter) -> (artifact id: '80a7f7506d883a326d8a0b08f7705895') in 0.024759 seconds
Number of updated asset objects reloaded before import = 0Number of asset objects unloaded after import = 20

========================================================================
Received Import Request.
  Time since last request: 3.225802 seconds.
  path: Assets/Toon Adventure Island/Models/TAI_Bed_01A.fbx
  artifactKey: Guid(df8ff0bfbf4b1804ebd9ba34ed9b7a6b) Importer(815301076,1909f56bfc062723c751e8b465ee728b)
Start importing Assets/Toon Adventure Island/Models/TAI_Bed_01A.fbx using Guid(df8ff0bfbf4b1804ebd9ba34ed9b7a6b) Importer(815301076,1909f56bfc062723c751e8b465ee728b) (PreviewImporter) -> (artifact id: '8ff16b9b166ca82d2f77e858118cf14c') in 0.1743894 seconds
Number of updated asset objects reloaded before import = 0Number of asset objects unloaded after import = 18

========================================================================
Received Import Request.
  Time since last request: 0.000032 seconds.
  path: Assets/Toon Adventure Island/Models/TAI_Boat_01A.fbx
  artifactKey: Guid(1d1c8148650cd224898826009476109f) Importer(815301076,1909f56bfc062723c751e8b465ee728b)
Start importing Assets/Toon Adventure Island/Models/TAI_Boat_01A.fbx using Guid(1d1c8148650cd224898826009476109f) Importer(815301076,1909f56bfc062723c751e8b465ee728b) (PreviewImporter) -> (artifact id: 'bb18710936bca5e775374a2cde459e22') in 0.117629 seconds
Number of updated asset objects reloaded before import = 0Number of asset objects unloaded after import = 28

========================================================================
Received Import Request.
  Time since last request: 0.000053 seconds.
  path: Assets/Toon Adventure Island/Models/TAI_Boat_02B.fbx
  artifactKey: Guid(7651b221a41cb1342a5a542452589d31) Importer(815301076,1909f56bfc062723c751e8b465ee728b)
Start importing Assets/Toon Adventure Island/Models/TAI_Boat_02B.fbx using Guid(7651b221a41cb1342a5a542452589d31) Importer(815301076,1909f56bfc062723c751e8b465ee728b) (PreviewImporter) -> (artifact id: '82be3d5a202f0dceeea7ed273478a03a') in 0.0923029 seconds
Number of updated asset objects reloaded before import = 0Number of asset objects unloaded after import = 28

========================================================================
Received Import Request.
  Time since last request: 0.000065 seconds.
  path: Assets/Toon Adventure Island/Models/TAI_Boat_03A_Module_2.fbx
  artifactKey: Guid(59b442154222c984c91ecc9e25cd9662) Importer(815301076,1909f56bfc062723c751e8b465ee728b)
Start importing Assets/Toon Adventure Island/Models/TAI_Boat_03A_Module_2.fbx using Guid(59b442154222c984c91ecc9e25cd9662) Importer(815301076,1909f56bfc062723c751e8b465ee728b) (PreviewImporter) -> (artifact id: 'be6f57796a5887ec702e77bc253d8ba9') in 0.0871706 seconds
Number of updated asset objects reloaded before import = 0Number of asset objects unloaded after import = 28

========================================================================
Received Import Request.
  Time since last request: 0.074826 seconds.
  path: Assets/Toon Adventure Island/Models/Materials/TAI_Atlas_Cloth_1A.mat
  artifactKey: Guid(bcaf3de9277c2e44caf2141224e1ef1d) Importer(815301076,1909f56bfc062723c751e8b465ee728b)
Start importing Assets/Toon Adventure Island/Models/Materials/TAI_Atlas_Cloth_1A.mat using Guid(bcaf3de9277c2e44caf2141224e1ef1d) Importer(815301076,1909f56bfc062723c751e8b465ee728b) (PreviewImporter) -> (artifact id: '0e52dc5b2c636fb8fe4766307b1e1b26') in 0.063167 seconds
Number of updated asset objects reloaded before import = 0Number of asset objects unloaded after import = 4

========================================================================
Received Import Request.
  Time since last request: 0.000036 seconds.
  path: Assets/Toon Adventure Island/Models/Materials/TAI_Water_01A.mat
  artifactKey: Guid(0e626ec275025c54fa20c0e9395a4c21) Importer(815301076,1909f56bfc062723c751e8b465ee728b)
Start importing Assets/Toon Adventure Island/Models/Materials/TAI_Water_01A.mat using Guid(0e626ec275025c54fa20c0e9395a4c21) Importer(815301076,1909f56bfc062723c751e8b465ee728b) (PreviewImporter) -> (artifact id: 'b50974bdfb06c0dffc7a241716bc1e9a') in 6.0961021 seconds
Number of updated asset objects reloaded before import = 0Number of asset objects unloaded after import = 3

========================================================================
Received Import Request.
  Time since last request: 0.000047 seconds.
  path: Assets/Toon Adventure Island/Models/Materials/TAI_Fire_1A.mat
  artifactKey: Guid(568a305590b8c4945b213926014b9d32) Importer(815301076,1909f56bfc062723c751e8b465ee728b)
Start importing Assets/Toon Adventure Island/Models/Materials/TAI_Fire_1A.mat using Guid(568a305590b8c4945b213926014b9d32) Importer(815301076,1909f56bfc062723c751e8b465ee728b) (PreviewImporter) -> (artifact id: '64836b59034b8e102227edb8dd35c223') in 5.1017168 seconds
Number of updated asset objects reloaded before import = 0Number of asset objects unloaded after import = 3

Editor requested this worker to shutdown with reason: Scaling down because of idle timeout
AssetImportWorker is now disconnected from the server
Process exiting
Exiting without the bug reporter. Application will terminate with return code 0